Iso,Country,Method,Tracked,MaxValue,MaxWeight,StampPrice,Price,Days
AT,Austria,Letter (Standardbrief),False,25.00,20,1.25,1.55,
AT,Austria,Small Parcel (Päckchen XS),False,25.00,2000,6.99,7.99,
AT,Austria,Small Parcel (Päckchen M),False,25.00,2000,10.49,11.49,
AT,Austria,DHL Express,True,500.00,500,55.30,56.30,
AT,Austria,DHL Express,True,500.00,1000,61.00,62.00,
AT,Austria,Registered Parcel (DHL Paket Online),True,500.00,2000,14.49,15.49,
AT,Austria,DHL Express,True,500.00,2000,67.60,68.60,
AT,Austria,Registered Parcel (DHL Paket Online),True,500.00,5000,17.49,18.49,
AT,Austria,DHL Express,True,500.00,5000,81.80,82.80,
AT,Austria,Registered Parcel (DHL Paket Online),True,500.00,10000,22.49,23.49,
AT,Austria,Registered Parcel (DHL Paket Online),True,500.00,20000,28.49,29.49,
AT,Austria,Registered Parcel (DHL Paket Online),True,500.00,30000,45.49,46.49,
AT,Austria,Insured Parcel (DHL Wertpaket 1.000€),True,1000.00,5000,31.49,32.49,
AT,Austria,Insured Parcel (DHL Wertpaket 1.000€),True,1000.00,10000,36.49,37.49,
AT,Austria,Insured Parcel (DHL Wertpaket 1.000€),True,1000.00,20000,42.49,43.49,
AT,Austria,Insured Parcel (DHL Wertpaket 1.000€),True,1000.00,30000,59.49,60.49,
AT,Austria,DHL Express Insurance 1.500 €,True,1500.00,500,70.30,71.30,
AT,Austria,DHL Express Insurance 1.500 €,True,1500.00,1000,76.00,77.00,
AT,Austria,DHL Express Insurance 1.500 €,True,1500.00,2000,82.60,83.60,
AT,Austria,DHL Express Insurance 1.500 €,True,1500.00,5000,96.80,97.80,
AT,Austria,Insured Parcel (DHL Wertpaket 2.000€),True,2000.00,5000,45.49,46.49,
AT,Austria,Insured Parcel (DHL Wertpaket 2.000€),True,2000.00,10000,50.49,51.49,
AT,Austria,Insured Parcel (DHL Wertpaket 2.000€),True,2000.00,20000,56.49,57.49,
AT,Austria,Insured Parcel (DHL Wertpaket 2.000€),True,2000.00,30000,73.49,74.49,
AT,Austria,DHL Express Insurance 2.500 €,True,2500.00,500,80.30,81.30,
AT,Austria,DHL Express Insurance 2.500 €,True,2500.00,1000,86.00,87.00,
AT,Austria,DHL Express Insurance 2.500 €,True,2500.00,2000,92.60,93.60,
AT,Austria,DHL Express Insurance 2.500 €,True,2500.00,5000,106.80,107.80,
AT,Austria,SHIPPING COST ESTIMATION for Courier Parcel with Full Insurance,True,2500.00,20000,99.00,100.00,
AT,Austria,DHL Express Insurance 5.000 €,True,5000.00,500,111.00,112.00,
AT,Austria,DHL Express Insurance 5.000 €,True,5000.00,1000,117.60,118.60,
AT,Austria,DHL Express Insurance 5.000 €,True,5000.00,2000,131.80,132.80,
AT,Austria,DHL Express Insurance 5.000 €,True,5000.00,5000,120.30,121.30,
AT,Austria,SHIPPING COST ESTIMATION for Courier Parcel with Full Insurance,True,5000.00,20000,149.00,150.00,
AT,Austria,SHIPPING COST ESTIMATION for Courier Parcel with Full Insurance,True,10000.00,20000,249.00,250.00,
AT,Austria,SHIPPING COST ESTIMATION for Courier Parcel with Full Insurance,True,20000.00,20000,449.00,450.00,
AT,Austria,SHIPPING COST ESTIMATION for Courier Parcel with Full Insurance,True,50000.00,20000,1049.00,1050.00,
AT,Austria,SHIPPING COST ESTIMATION for Courier Parcel with Full Insurance,True,100000.00,20000,2049.00,2050.00,
AT,Austria,SHIPPING COST ESTIMATION for Courier Parcel with Full Insurance,True,200000.00,20000,4049.00,4050.00,
AT,Austria,SHIPPING COST ESTIMATION for Courier Parcel with Full Insurance,True,500000.00,20000,10049.00,10050.00,
AT,Austria,SHIPPING COST ESTIMATION for Courier Parcel with Full Insurance,True,1000000.00,20000,20049.00,20050.00,
AT,Austria,Virtual Delivery,True,10000.00,0,0.00,0.00,
BE,Belgium,Letter (Standardbrief),False,25.00,20,1.25,1.55,
BE,Belgium,Small Parcel (Päckchen XS),False,25.00,2000,6.99,7.99,
BE,Belgium,Small Parcel (Päckchen M),False,25.00,2000,10.49,11.49,
BE,Belgium,DHL Express,True,500.00,500,52.00,53.00,
BE,Belgium,DHL Express,True,500.00,1000,57.50,58.50,
BE,Belgium,Registered Parcel (DHL Paket Online),True,500.00,2000,14.49,15.49,
BE,Belgium,DHL Express,True,500.00,2000,64.00,65.00,
BE,Belgium,Registered Parcel (DHL Paket Online),True,500.00,5000,17.49,18.49,
BE,Belgium,DHL Express,True,500.00,5000,74.10,75.10,
BE,Belgium,Registered Parcel (DHL Paket Online),True,500.00,10000,22.49,23.49,
BE,Belgium,Registered Parcel (DHL Paket Online),True,500.00,20000,28.49,29.49,
BE,Belgium,Registered Parcel (DHL Paket Online),True,500.00,30000,45.49,46.49,
BE,Belgium,Insured Parcel (DHL Wertpaket 1.000€),True,1000.00,5000,31.49,32.49,
BE,Belgium,Insured Parcel (DHL Wertpaket 1.000€),True,1000.00,10000,36.49,37.49,
BE,Belgium,Insured Parcel (DHL Wertpaket 1.000€),True,1000.00,20000,42.49,43.49,
BE,Belgium,Insured Parcel (DHL Wertpaket 1.000€),True,1000.00,30000,59.49,60.49,
BE,Belgium,DHL Express Insurance 1.500 €,True,1500.00,500,67.00,68.00,
BE,Belgium,DHL Express Insurance 1.500 €,True,1500.00,1000,72.50,73.50,
BE,Belgium,DHL Express Insurance 1.500 €,True,1500.00,2000,79.00,80.00,
BE,Belgium,DHL Express Insurance 1.500 €,True,1500.00,5000,89.10,90.10,
BE,Belgium,Insured Parcel (DHL Wertpaket 2.000€),True,2000.00,5000,45.49,46.49,
BE,Belgium,Insured Parcel (DHL Wertpaket 2.000€),True,2000.00,10000,50.49,51.49,
BE,Belgium,Insured Parcel (DHL Wertpaket 2.000€),True,2000.00,20000,56.49,57.49,
BE,Belgium,Insured Parcel (DHL Wertpaket 2.000€),True,2000.00,30000,73.49,74.49,
BE,Belgium,DHL Express Insurance 2.500 €,True,2500.00,500,77.00,78.00,
BE,Belgium,DHL Express Insurance 2.500 €,True,2500.00,1000,82.50,83.50,
BE,Belgium,DHL Express Insurance 2.500 €,True,2500.00,2000,89.00,90.00,
BE,Belgium,DHL Express Insurance 2.500 €,True,2500.00,5000,99.10,100.10,
BE,Belgium,SHIPPING COST ESTIMATION for Courier Parcel with Full Insurance,True,2500.00,20000,99.00,100.00,
BE,Belgium,DHL Express Insurance 5.000 €,True,5000.00,500,107.50,108.50,
BE,Belgium,DHL Express Insurance 5.000 €,True,5000.00,1000,114.00,115.00,
BE,Belgium,DHL Express Insurance 5.000 €,True,5000.00,2000,124.10,125.10,
BE,Belgium,DHL Express Insurance 5.000 €,True,5000.00,5000,117.00,118.00,
BE,Belgium,SHIPPING COST ESTIMATION for Courier Parcel with Full Insurance,True,5000.00,20000,149.00,150.00,
BE,Belgium,SHIPPING COST ESTIMATION for Courier Parcel with Full Insurance,True,10000.00,20000,249.00,250.00,
BE,Belgium,SHIPPING COST ESTIMATION for Courier Parcel with Full Insurance,True,20000.00,20000,449.00,450.00,
BE,Belgium,SHIPPING COST ESTIMATION for Courier Parcel with Full Insurance,True,50000.00,20000,1049.00,1050.00,
BE,Belgium,SHIPPING COST ESTIMATION for Courier Parcel with Full Insurance,True,100000.00,20000,2049.00,2050.00,
BE,Belgium,SHIPPING COST ESTIMATION for Courier Parcel with Full Insurance,True,200000.00,20000,4049.00,4050.00,
BE,Belgium,SHIPPING COST ESTIMATION for Courier Parcel with Full Insurance,True,500000.00,20000,10049.00,10050.00,
BE,Belgium,SHIPPING COST ESTIMATION for Courier Parcel with Full Insurance,True,1000000.00,20000,20049.00,20050.00,
BE,Belgium,Virtual Delivery,True,10000.00,0,0.00,0.00,
BG,Bulgaria,Letter (Standardbrief),False,25.00,20,1.25,1.55,
BG,Bulgaria,Small Parcel (Päckchen XS),False,25.00,2000,6.99,7.99,
BG,Bulgaria,Small Parcel (Päckchen M),False,25.00,2000,10.49,11.49,
BG,Bulgaria,DHL Express,True,500.00,500,62.20,63.20,
BG,Bulgaria,DHL Express,True,500.00,1000,71.00,72.00,
BG,Bulgaria,Registered Parcel (DHL Paket Online),True,500.00,2000,14.49,15.49,
BG,Bulgaria,DHL Express,True,500.00,2000,81.90,82.90,
BG,Bulgaria,Registered Parcel (DHL Paket Online),True,500.00,5000,17.49,18.49,
BG,Bulgaria,DHL Express,True,500.00,5000,110.60,111.60,
BG,Bulgaria,Registered Parcel (DHL Paket Online),True,500.00,10000,22.49,23.49,
BG,Bulgaria,Registered Parcel (DHL Paket Online),True,500.00,20000,28.49,29.49,
BG,Bulgaria,Registered Parcel (DHL Paket Online),True,500.00,30000,45.49,46.49,
BG,Bulgaria,Insured Parcel (DHL Wertpaket 1.000€),True,1000.00,5000,31.49,32.49,
BG,Bulgaria,Insured Parcel (DHL Wertpaket 1.000€),True,1000.00,10000,36.49,37.49,
BG,Bulgaria,Insured Parcel (DHL Wertpaket 1.000€),True,1000.00,20000,42.49,43.49,
BG,Bulgaria,Insured Parcel (DHL Wertpaket 1.000€),True,1000.00,30000,59.49,60.49,
BG,Bulgaria,DHL Express Insurance 1.500 €,True,1500.00,500,77.20,78.20,
BG,Bulgaria,DHL Express Insurance 1.500 €,True,1500.00,1000,86.00,87.00,
BG,Bulgaria,DHL Express Insurance 1.500 €,True,1500.00,2000,96.90,97.90,
BG,Bulgaria,DHL Express Insurance 1.500 €,True,1500.00,5000,125.60,126.60,
BG,Bulgaria,Insured Parcel (DHL Wertpaket 2.000€),True,2000.00,5000,45.49,46.49,
BG,Bulgaria,Insured Parcel (DHL Wertpaket 2.000€),True,2000.00,10000,50.49,51.49,
BG,Bulgaria,Insured Parcel (DHL Wertpaket 2.000€),True,2000.00,20000,56.49,57.49,
BG,Bulgaria,Insured Parcel (DHL Wertpaket 2.000€),True,2000.00,30000,73.49,74.49,
BG,Bulgaria,DHL Express Insurance 2.500 €,True,2500.00,500,87.20,88.20,
BG,Bulgaria,DHL Express Insurance 2.500 €,True,2500.00,1000,96.00,97.00,
BG,Bulgaria,DHL Express Insurance 2.500 €,True,2500.00,2000,106.90,107.90,
BG,Bulgaria,DHL Express Insurance 2.500 €,True,2500.00,5000,135.60,136.60,
BG,Bulgaria,SHIPPING COST ESTIMATION for Courier Parcel with Full Insurance,True,2500.00,20000,99.00,100.00,
BG,Bulgaria,DHL Express Insurance 5.000 €,True,5000.00,500,121.00,122.00,
BG,Bulgaria,DHL Express Insurance 5.000 €,True,5000.00,1000,131.90,132.90,
BG,Bulgaria,DHL Express Insurance 5.000 €,True,5000.00,2000,160.60,161.60,
BG,Bulgaria,DHL Express Insurance 5.000 €,True,5000.00,5000,127.20,128.20,
BG,Bulgaria,SHIPPING COST ESTIMATION for Courier Parcel with Full Insurance,True,5000.00,20000,149.00,150.00,
BG,Bulgaria,SHIPPING COST ESTIMATION for Courier Parcel with Full Insurance,True,10000.00,20000,249.00,250.00,
BG,Bulgaria,SHIPPING COST ESTIMATION for Courier Parcel with Full Insurance,True,20000.00,20000,449.00,450.00,
BG,Bulgaria,SHIPPING COST ESTIMATION for Courier Parcel with Full Insurance,True,50000.00,20000,1049.00,1050.00,
BG,Bulgaria,SHIPPING COST ESTIMATION for Courier Parcel with Full Insurance,True,100000.00,20000,2049.00,2050.00,
BG,Bulgaria,SHIPPING COST ESTIMATION for Courier Parcel with Full Insurance,True,200000.00,20000,4049.00,4050.00,
BG,Bulgaria,SHIPPING COST ESTIMATION for Courier Parcel with Full Insurance,True,500000.00,20000,10049.00,10050.00,
BG,Bulgaria,SHIPPING COST ESTIMATION for Courier Parcel with Full Insurance,True,1000000.00,20000,20049.00,20050.00,
BG,Bulgaria,Virtual Delivery,True,10000.00,0,0.00,0.00,
CH,Switzerland,Letter (Standardbrief),False,25.00,20,1.25,1.55,
CH,Switzerland,Registered Parcel (DHL Paket Online),True,500.00,5000,26.99,27.99,
CH,Switzerland,Registered Parcel (DHL Paket Online),True,500.00,10000,34.99,35.99,
CH,Switzerland,Registered Parcel (DHL Paket Online),True,500.00,20000,48.99,49.99,
CH,Switzerland,Registered Parcel (DHL Paket Online),True,500.00,30000,62.99,63.99,
CH,Switzerland,Insured Parcel (DHL Wertpaket 1.000€),True,1000.00,5000,40.99,41.99,
CH,Switzerland,Insured Parcel (DHL Wertpaket 1.000€),True,1000.00,10000,48.99,49.99,
CH,Switzerland,Insured Parcel (DHL Wertpaket 1.000€),True,1000.00,20000,62.99,63.99,
CH,Switzerland,Insured Parcel (DHL Wertpaket 1.000€),True,1000.00,30000,76.99,77.99,
CH,Switzerland,Insured Parcel (DHL Wertpaket 2.000€),True,2000.00,5000,54.99,55.99,
CH,Switzerland,Insured Parcel (DHL Wertpaket 2.000€),True,2000.00,10000,62.99,63.99,
CH,Switzerland,Insured Parcel (DHL Wertpaket 2.000€),True,2000.00,20000,76.99,77.99,
CH,Switzerland,Insured Parcel (DHL Wertpaket 2.000€),True,2000.00,30000,90.99,91.99,
CH,Switzerland,SHIPPING COST ESTIMATION for Courier Parcel with Full Insurance,True,2500.00,20000,99.00,100.00,
CH,Switzerland,SHIPPING COST ESTIMATION for Courier Parcel with Full Insurance,True,5000.00,20000,149.00,150.00,
CH,Switzerland,SHIPPING COST ESTIMATION for Courier Parcel with Full Insurance,True,10000.00,20000,249.00,250.00,
CH,Switzerland,SHIPPING COST ESTIMATION for Courier Parcel with Full Insurance,True,20000.00,20000,449.00,450.00,
CH,Switzerland,SHIPPING COST ESTIMATION for Courier Parcel with Full Insurance,True,50000.00,20000,1049.00,1050.00,
CH,Switzerland,SHIPPING COST ESTIMATION for Courier Parcel with Full Insurance,True,100000.00,20000,2049.00,2050.00,
CH,Switzerland,SHIPPING COST ESTIMATION for Courier Parcel with Full Insurance,True,200000.00,20000,4049.00,4050.00,
CH,Switzerland,SHIPPING COST ESTIMATION for Courier Parcel with Full Insurance,True,500000.00,20000,10049.00,10050.00,
CH,Switzerland,SHIPPING COST ESTIMATION for Courier Parcel with Full Insurance,True,1000000.00,20000,20049.00,20050.00,
CH,Switzerland,Virtual Delivery,True,10000.00,0,0.00,0.00,
CY,Cyprus,Letter (Standardbrief),False,25.00,20,1.25,1.55,
CY,Cyprus,Small Parcel (Päckchen XS),False,25.00,2000,6.99,7.99,
CY,Cyprus,Small Parcel (Päckchen M),False,25.00,2000,10.49,11.49,
CY,Cyprus,Registered Parcel (DHL Paket Online),True,500.00,2000,14.49,15.49,
CY,Cyprus,Registered Parcel (DHL Paket Online),True,500.00,5000,17.49,18.49,
CY,Cyprus,Registered Parcel (DHL Paket Online),True,500.00,10000,22.49,23.49,
CY,Cyprus,Registered Parcel (DHL Paket Online),True,500.00,20000,28.49,29.49,
CY,Cyprus,Registered Parcel (DHL Paket Online),True,500.00,30000,45.49,46.49,
CY,Cyprus,Insured Parcel (DHL Wertpaket 1.000€),True,1000.00,5000,31.49,32.49,
CY,Cyprus,Insured Parcel (DHL Wertpaket 1.000€),True,1000.00,10000,36.49,37.49,
CY,Cyprus,Insured Parcel (DHL Wertpaket 1.000€),True,1000.00,20000,42.49,43.49,
CY,Cyprus,Insured Parcel (DHL Wertpaket 1.000€),True,1000.00,30000,59.49,60.49,
CY,Cyprus,Insured Parcel (DHL Wertpaket 2.000€),True,2000.00,5000,45.49,46.49,
CY,Cyprus,Insured Parcel (DHL Wertpaket 2.000€),True,2000.00,10000,50.49,51.49,
CY,Cyprus,Insured Parcel (DHL Wertpaket 2.000€),True,2000.00,20000,56.49,57.49,
CY,Cyprus,Insured Parcel (DHL Wertpaket 2.000€),True,2000.00,30000,73.49,74.49,
CY,Cyprus,SHIPPING COST ESTIMATION for Courier Parcel with Full Insurance,True,2500.00,20000,99.00,100.00,
CY,Cyprus,SHIPPING COST ESTIMATION for Courier Parcel with Full Insurance,True,5000.00,20000,149.00,150.00,
CY,Cyprus,SHIPPING COST ESTIMATION for Courier Parcel with Full Insurance,True,10000.00,20000,249.00,250.00,
CY,Cyprus,SHIPPING COST ESTIMATION for Courier Parcel with Full Insurance,True,20000.00,20000,449.00,450.00,
CY,Cyprus,SHIPPING COST ESTIMATION for Courier Parcel with Full Insurance,True,50000.00,20000,1049.00,1050.00,
CY,Cyprus,SHIPPING COST ESTIMATION for Courier Parcel with Full Insurance,True,100000.00,20000,2049.00,2050.00,
CY,Cyprus,SHIPPING COST ESTIMATION for Courier Parcel with Full Insurance,True,200000.00,20000,4049.00,4050.00,
CY,Cyprus,SHIPPING COST ESTIMATION for Courier Parcel with Full Insurance,True,500000.00,20000,10049.00,10050.00,
CY,Cyprus,SHIPPING COST ESTIMATION for Courier Parcel with Full Insurance,True,1000000.00,20000,20049.00,20050.00,
CY,Cyprus,Virtual Delivery,True,10000.00,0,0.00,0.00,
CZ,Czech Republic,Letter (Standardbrief),False,25.00,20,1.25,1.55,
CZ,Czech Republic,Small Parcel (Päckchen XS),False,25.00,2000,6.99,7.99,
CZ,Czech Republic,Small Parcel (Päckchen M),False,25.00,2000,10.49,11.49,
CZ,Czech Republic,DHL Express,True,500.00,500,60.80,61.80,
CZ,Czech Republic,DHL Express,True,500.00,1000,68.60,69.60,
CZ,Czech Republic,Registered Parcel (DHL Paket Online),True,500.00,2000,14.49,15.49,
CZ,Czech Republic,DHL Express,True,500.00,2000,77.10,78.10,
CZ,Czech Republic,Registered Parcel (DHL Paket Online),True,500.00,5000,17.49,18.49,
CZ,Czech Republic,DHL Express,True,500.00,5000,96.90,97.90,
CZ,Czech Republic,Registered Parcel (DHL Paket Online),True,500.00,10000,22.49,23.49,
CZ,Czech Republic,Registered Parcel (DHL Paket Online),True,500.00,20000,28.49,29.49,
CZ,Czech Republic,Registered Parcel (DHL Paket Online),True,500.00,30000,45.49,46.49,
CZ,Czech Republic,Insured Parcel (DHL Wertpaket 1.000€),True,1000.00,5000,31.49,32.49,
CZ,Czech Republic,Insured Parcel (DHL Wertpaket 1.000€),True,1000.00,10000,36.49,37.49,
CZ,Czech Republic,Insured Parcel (DHL Wertpaket 1.000€),True,1000.00,20000,42.49,43.49,
CZ,Czech Republic,Insured Parcel (DHL Wertpaket 1.000€),True,1000.00,30000,59.49,60.49,
CZ,Czech Republic,DHL Express Insurance 1.500 €,True,1500.00,500,75.80,76.80,
CZ,Czech Republic,DHL Express Insurance 1.500 €,True,1500.00,1000,83.60,84.60,
CZ,Czech Republic,DHL Express Insurance 1.500 €,True,1500.00,2000,92.10,93.10,
CZ,Czech Republic,DHL Express Insurance 1.500 €,True,1500.00,5000,111.90,112.90,
CZ,Czech Republic,Insured Parcel (DHL Wertpaket 2.000€),True,2000.00,5000,45.49,46.49,
CZ,Czech Republic,Insured Parcel (DHL Wertpaket 2.000€),True,2000.00,10000,50.49,51.49,
CZ,Czech Republic,Insured Parcel (DHL Wertpaket 2.000€),True,2000.00,20000,56.49,57.49,
CZ,Czech Republic,Insured Parcel (DHL Wertpaket 2.000€),True,2000.00,30000,73.49,74.49,
CZ,Czech Republic,DHL Express Insurance 2.500 €,True,2500.00,500,85.80,86.80,
CZ,Czech Republic,DHL Express Insurance 2.500 €,True,2500.00,1000,93.60,94.60,
CZ,Czech Republic,DHL Express Insurance 2.500 €,True,2500.00,2000,102.10,103.10,
CZ,Czech Republic,DHL Express Insurance 2.500 €,True,2500.00,5000,121.90,122.90,
CZ,Czech Republic,SHIPPING COST ESTIMATION for Courier Parcel with Full Insurance,True,2500.00,20000,99.00,100.00,
CZ,Czech Republic,DHL Express Insurance 5.000 €,True,5000.00,500,118.60,119.60,
CZ,Czech Republic,DHL Express Insurance 5.000 €,True,5000.00,1000,127.10,128.10,
CZ,Czech Republic,DHL Express Insurance 5.000 €,True,5000.00,2000,146.90,147.90,
CZ,Czech Republic,DHL Express Insurance 5.000 €,True,5000.00,5000,125.80,126.80,
CZ,Czech Republic,SHIPPING COST ESTIMATION for Courier Parcel with Full Insurance,True,5000.00,20000,149.00,150.00,
CZ,Czech Republic,SHIPPING COST ESTIMATION for Courier Parcel with Full Insurance,True,10000.00,20000,249.00,250.00,
CZ,Czech Republic,SHIPPING COST ESTIMATION for Courier Parcel with Full Insurance,True,20000.00,20000,449.00,450.00,
CZ,Czech Republic,SHIPPING COST ESTIMATION for Courier Parcel with Full Insurance,True,50000.00,20000,1049.00,1050.00,
CZ,Czech Republic,SHIPPING COST ESTIMATION for Courier Parcel with Full Insurance,True,100000.00,20000,2049.00,2050.00,
CZ,Czech Republic,SHIPPING COST ESTIMATION for Courier Parcel with Full Insurance,True,200000.00,20000,4049.00,4050.00,
CZ,Czech Republic,SHIPPING COST ESTIMATION for Courier Parcel with Full Insurance,True,500000.00,20000,10049.00,10050.00,
CZ,Czech Republic,SHIPPING COST ESTIMATION for Courier Parcel with Full Insurance,True,1000000.00,20000,20049.00,20050.00,
CZ,Czech Republic,Virtual Delivery,True,10000.00,0,0.00,0.00,
DE,Germany,Standardbrief,False,25.00,20,0.95,1.25,
DE,Germany,Kompaktbrief,False,25.00,50,1.10,1.40,
DE,Germany,Grossbrief,False,25.00,500,1.80,2.30,
DE,Germany,Maxibrief,False,25.00,1000,2.90,3.40,
DE,Germany,Kompaktbrief + Einschreiben EINWURF,True,100.00,50,3.45,3.95,
DE,Germany,Grossbrief + Einschreiben EINWURF,True,100.00,500,4.15,4.65,
DE,Germany,DHL Päckchen S,False,25.00,2000,4.19,5.19,
DE,Germany,DHL Päckchen M,False,25.00,2000,5.19,6.19,
DE,Germany,DHL Paket (Online),True,500.00,2000,6.19,7.19,
DE,Germany,DHL Paket,True,500.00,5000,7.69,8.69,
DE,Germany,DHL Paket,True,500.00,10000,10.49,11.49,
DE,Germany,DHL Paket (Online) Versicherung bis 2.500€,True,2500.00,2000,13.18,14.18,
DE,Germany,DHL Paket Versicherung bis 2.500€,True,2500.00,5000,14.68,15.68,
DE,Germany,DHL Paket Versicherung bis 2.500€,True,2500.00,10000,17.48,18.48,
DE,Germany,SHIPPING COST ESTIMATION for Courier Parcel with Full Insurance,True,2500.00,20000,99.00,100.00,
DE,Germany,DHL Paket Versicherung bis 2.500€,True,2500.00,31500,30.98,31.98,
DE,Germany,SHIPPING COST ESTIMATION for Courier Parcel with Full Insurance,True,5000.00,20000,149.00,150.00,
DE,Germany,SHIPPING COST ESTIMATION for Courier Parcel with Full Insurance,True,10000.00,20000,249.00,250.00,
DE,Germany,SHIPPING COST ESTIMATION for Courier Parcel with Full Insurance,True,20000.00,20000,449.00,450.00,
DE,Germany,SHIPPING COST ESTIMATION for Courier Parcel with Full Insurance,True,50000.00,20000,1049.00,1050.00,
DE,Germany,SHIPPING COST ESTIMATION for Courier Parcel with Full Insurance,True,100000.00,20000,2049.00,2050.00,
DE,Germany,SHIPPING COST ESTIMATION for Courier Parcel with Full Insurance,True,200000.00,20000,4049.00,4050.00,
DE,Germany,SHIPPING COST ESTIMATION for Courier Parcel with Full Insurance,True,500000.00,20000,10049.00,10050.00,
DE,Germany,SHIPPING COST ESTIMATION for Courier Parcel with Full Insurance,True,1000000.00,20000,20049.00,20050.00,
DE,Germany,Virtual Delivery,True,10000.00,0,0.00,0.00,
DK,Denmark,Letter (Standardbrief),False,25.00,20,1.25,1.55,
DK,Denmark,Small Parcel (Päckchen XS),False,25.00,2000,6.99,7.99,
DK,Denmark,Small Parcel (Päckchen M),False,25.00,2000,10.49,11.49,
DK,Denmark,DHL Express,True,500.00,500,55.30,56.30,
DK,Denmark,DHL Express,True,500.00,1000,61.00,62.00,
DK,Denmark,Registered Parcel (DHL Paket Online),True,500.00,2000,14.49,15.49,
DK,Denmark,DHL Express,True,500.00,2000,67.60,68.60,
DK,Denmark,Registered Parcel (DHL Paket Online),True,500.00,5000,17.49,18.49,
DK,Denmark,DHL Express,True,500.00,5000,81.80,82.80,
DK,Denmark,Registered Parcel (DHL Paket Online),True,500.00,10000,22.49,23.49,
DK,Denmark,Registered Parcel (DHL Paket Online),True,500.00,20000,28.49,29.49,
DK,Denmark,Registered Parcel (DHL Paket Online),True,500.00,30000,45.49,46.49,
DK,Denmark,Insured Parcel (DHL Wertpaket 1.000€),True,1000.00,5000,31.49,32.49,
DK,Denmark,Insured Parcel (DHL Wertpaket 1.000€),True,1000.00,10000,36.49,37.49,
DK,Denmark,Insured Parcel (DHL Wertpaket 1.000€),True,1000.00,20000,42.49,43.49,
DK,Denmark,Insured Parcel (DHL Wertpaket 1.000€),True,1000.00,30000,59.49,60.49,
DK,Denmark,DHL Express Insurance 1.500 €,True,1500.00,500,70.30,71.30,
DK,Denmark,DHL Express Insurance 1.500 €,True,1500.00,1000,76.00,77.00,
DK,Denmark,DHL Express Insurance 1.500 €,True,1500.00,2000,82.60,83.60,
DK,Denmark,DHL Express Insurance 1.500 €,True,1500.00,5000,96.80,97.80,
DK,Denmark,Insured Parcel (DHL Wertpaket 2.000€),True,2000.00,5000,45.49,46.49,
DK,Denmark,Insured Parcel (DHL Wertpaket 2.000€),True,2000.00,10000,50.49,51.49,
DK,Denmark,Insured Parcel (DHL Wertpaket 2.000€),True,2000.00,20000,56.49,57.49,
DK,Denmark,Insured Parcel (DHL Wertpaket 2.000€),True,2000.00,30000,73.49,74.49,
DK,Denmark,DHL Express Insurance 2.500 €,True,2500.00,500,80.30,81.30,
DK,Denmark,DHL Express Insurance 2.500 €,True,2500.00,1000,86.00,87.00,
DK,Denmark,DHL Express Insurance 2.500 €,True,2500.00,2000,92.60,93.60,
DK,Denmark,DHL Express Insurance 2.500 €,True,2500.00,5000,106.80,107.80,
DK,Denmark,SHIPPING COST ESTIMATION for Courier Parcel with Full Insurance,True,2500.00,20000,99.00,100.00,
DK,Denmark,DHL Express Insurance 5.000 €,True,5000.00,500,111.00,112.00,
DK,Denmark,DHL Express Insurance 5.000 €,True,5000.00,1000,117.60,118.60,
DK,Denmark,DHL Express Insurance 5.000 €,True,5000.00,2000,131.80,132.80,
DK,Denmark,DHL Express Insurance 5.000 €,True,5000.00,5000,120.30,121.30,
DK,Denmark,SHIPPING COST ESTIMATION for Courier Parcel with Full Insurance,True,5000.00,20000,149.00,150.00,
DK,Denmark,SHIPPING COST ESTIMATION for Courier Parcel with Full Insurance,True,10000.00,20000,249.00,250.00,
DK,Denmark,SHIPPING COST ESTIMATION for Courier Parcel with Full Insurance,True,20000.00,20000,449.00,450.00,
DK,Denmark,SHIPPING COST ESTIMATION for Courier Parcel with Full Insurance,True,50000.00,20000,1049.00,1050.00,
DK,Denmark,SHIPPING COST ESTIMATION for Courier Parcel with Full Insurance,True,100000.00,20000,2049.00,2050.00,
DK,Denmark,SHIPPING COST ESTIMATION for Courier Parcel with Full Insurance,True,200000.00,20000,4049.00,4050.00,
DK,Denmark,SHIPPING COST ESTIMATION for Courier Parcel with Full Insurance,True,500000.00,20000,10049.00,10050.00,
DK,Denmark,SHIPPING COST ESTIMATION for Courier Parcel with Full Insurance,True,1000000.00,20000,20049.00,20050.00,
DK,Denmark,Virtual Delivery,True,10000.00,0,0.00,0.00,
EE,Estonia,Letter (Standardbrief),False,25.00,20,1.25,1.55,
EE,Estonia,Small Parcel (Päckchen XS),False,25.00,2000,6.99,7.99,
EE,Estonia,Small Parcel (Päckchen M),False,25.00,2000,10.49,11.49,
EE,Estonia,DHL Express,True,500.00,500,62.20,63.20,
EE,Estonia,DHL Express,True,500.00,1000,71.00,72.00,
EE,Estonia,Registered Parcel (DHL Paket Online),True,500.00,2000,14.49,15.49,
EE,Estonia,DHL Express,True,500.00,2000,81.90,82.90,
EE,Estonia,Registered Parcel (DHL Paket Online),True,500.00,5000,17.49,18.49,
EE,Estonia,DHL Express,True,500.00,5000,110.60,111.60,
EE,Estonia,Registered Parcel (DHL Paket Online),True,500.00,10000,22.49,23.49,
EE,Estonia,Registered Parcel (DHL Paket Online),True,500.00,20000,28.49,29.49,
EE,Estonia,Registered Parcel (DHL Paket Online),True,500.00,30000,45.49,46.49,
EE,Estonia,Insured Parcel (DHL Wertpaket 1.000€),True,1000.00,5000,31.49,32.49,
EE,Estonia,Insured Parcel (DHL Wertpaket 1.000€),True,1000.00,10000,36.49,37.49,
EE,Estonia,Insured Parcel (DHL Wertpaket 1.000€),True,1000.00,20000,42.49,43.49,
EE,Estonia,Insured Parcel (DHL Wertpaket 1.000€),True,1000.00,30000,59.49,60.49,
EE,Estonia,DHL Express Insurance 1.500 €,True,1500.00,500,77.20,78.20,
EE,Estonia,DHL Express Insurance 1.500 €,True,1500.00,1000,86.00,87.00,
EE,Estonia,DHL Express Insurance 1.500 €,True,1500.00,2000,96.90,97.90,
EE,Estonia,DHL Express Insurance 1.500 €,True,1500.00,5000,125.60,126.60,
EE,Estonia,Insured Parcel (DHL Wertpaket 2.000€),True,2000.00,5000,45.49,46.49,
EE,Estonia,Insured Parcel (DHL Wertpaket 2.000€),True,2000.00,10000,50.49,51.49,
EE,Estonia,Insured Parcel (DHL Wertpaket 2.000€),True,2000.00,20000,56.49,57.49,
EE,Estonia,Insured Parcel (DHL Wertpaket 2.000€),True,2000.00,30000,73.49,74.49,
EE,Estonia,DHL Express Insurance 2.500 €,True,2500.00,500,87.20,88.20,
EE,Estonia,DHL Express Insurance 2.500 €,True,2500.00,1000,96.00,97.00,
EE,Estonia,DHL Express Insurance 2.500 €,True,2500.00,2000,106.90,107.90,
EE,Estonia,DHL Express Insurance 2.500 €,True,2500.00,5000,135.60,136.60,
EE,Estonia,SHIPPING COST ESTIMATION for Courier Parcel with Full Insurance,True,2500.00,20000,99.00,100.00,
EE,Estonia,DHL Express Insurance 5.000 €,True,5000.00,500,121.00,122.00,
EE,Estonia,DHL Express Insurance 5.000 €,True,5000.00,1000,131.90,132.90,
EE,Estonia,DHL Express Insurance 5.000 €,True,5000.00,2000,160.60,161.60,
EE,Estonia,DHL Express Insurance 5.000 €,True,5000.00,5000,127.20,128.20,
EE,Estonia,SHIPPING COST ESTIMATION for Courier Parcel with Full Insurance,True,5000.00,20000,149.00,150.00,
EE,Estonia,SHIPPING COST ESTIMATION for Courier Parcel with Full Insurance,True,10000.00,20000,249.00,250.00,
EE,Estonia,SHIPPING COST ESTIMATION for Courier Parcel with Full Insurance,True,20000.00,20000,449.00,450.00,
EE,Estonia,SHIPPING COST ESTIMATION for Courier Parcel with Full Insurance,True,50000.00,20000,1049.00,1050.00,
EE,Estonia,SHIPPING COST ESTIMATION for Courier Parcel with Full Insurance,True,100000.00,20000,2049.00,2050.00,
EE,Estonia,SHIPPING COST ESTIMATION for Courier Parcel with Full Insurance,True,200000.00,20000,4049.00,4050.00,
EE,Estonia,SHIPPING COST ESTIMATION for Courier Parcel with Full Insurance,True,500000.00,20000,10049.00,10050.00,
EE,Estonia,SHIPPING COST ESTIMATION for Courier Parcel with Full Insurance,True,1000000.00,20000,20049.00,20050.00,
EE,Estonia,Virtual Delivery,True,10000.00,0,0.00,0.00,
ES,Spain,Letter (Standardbrief),False,25.00,20,1.25,1.55,
ES,Spain,Small Parcel (Päckchen XS),False,25.00,2000,6.99,7.99,
ES,Spain,Small Parcel (Päckchen M),False,25.00,2000,10.49,11.49,
ES,Spain,DHL Express,True,500.00,500,60.80,61.80,
ES,Spain,DHL Express,True,500.00,1000,68.60,69.60,
ES,Spain,Registered Parcel (DHL Paket Online),True,500.00,2000,14.49,15.49,
ES,Spain,DHL Express,True,500.00,2000,77.10,78.10,
ES,Spain,Registered Parcel (DHL Paket Online),True,500.00,5000,17.49,18.49,
ES,Spain,DHL Express,True,500.00,5000,96.90,97.90,
ES,Spain,Registered Parcel (DHL Paket Online),True,500.00,10000,22.49,23.49,
ES,Spain,Registered Parcel (DHL Paket Online),True,500.00,20000,28.49,29.49,
ES,Spain,Registered Parcel (DHL Paket Online),True,500.00,30000,45.49,46.49,
ES,Spain,Insured Parcel (DHL Wertpaket 1.000€),True,1000.00,5000,31.49,32.49,
ES,Spain,Insured Parcel (DHL Wertpaket 1.000€),True,1000.00,10000,36.49,37.49,
ES,Spain,Insured Parcel (DHL Wertpaket 1.000€),True,1000.00,20000,42.49,43.49,
ES,Spain,Insured Parcel (DHL Wertpaket 1.000€),True,1000.00,30000,59.49,60.49,
ES,Spain,DHL Express Insurance 1.500 €,True,1500.00,500,75.80,76.80,
ES,Spain,DHL Express Insurance 1.500 €,True,1500.00,1000,83.60,84.60,
ES,Spain,DHL Express Insurance 1.500 €,True,1500.00,2000,92.10,93.10,
ES,Spain,DHL Express Insurance 1.500 €,True,1500.00,5000,111.90,112.90,
ES,Spain,Insured Parcel (DHL Wertpaket 2.000€),True,2000.00,5000,45.49,46.49,
ES,Spain,Insured Parcel (DHL Wertpaket 2.000€),True,2000.00,10000,50.49,51.49,
ES,Spain,Insured Parcel (DHL Wertpaket 2.000€),True,2000.00,20000,56.49,57.49,
ES,Spain,Insured Parcel (DHL Wertpaket 2.000€),True,2000.00,30000,73.49,74.49,
ES,Spain,DHL Express Insurance 2.500 €,True,2500.00,500,85.80,86.80,
ES,Spain,DHL Express Insurance 2.500 €,True,2500.00,1000,93.60,94.60,
ES,Spain,DHL Express Insurance 2.500 €,True,2500.00,2000,102.10,103.10,
ES,Spain,DHL Express Insurance 2.500 €,True,2500.00,5000,121.90,122.90,
ES,Spain,SHIPPING COST ESTIMATION for Courier Parcel with Full Insurance,True,2500.00,20000,99.00,100.00,
ES,Spain,DHL Express Insurance 5.000 €,True,5000.00,500,118.60,119.60,
ES,Spain,DHL Express Insurance 5.000 €,True,5000.00,1000,127.10,128.10,
ES,Spain,DHL Express Insurance 5.000 €,True,5000.00,2000,146.90,147.90,
ES,Spain,DHL Express Insurance 5.000 €,True,5000.00,5000,125.80,126.80,
ES,Spain,SHIPPING COST ESTIMATION for Courier Parcel with Full Insurance,True,5000.00,20000,149.00,150.00,
ES,Spain,SHIPPING COST ESTIMATION for Courier Parcel with Full Insurance,True,10000.00,20000,249.00,250.00,
ES,Spain,SHIPPING COST ESTIMATION for Courier Parcel with Full Insurance,True,20000.00,20000,449.00,450.00,
ES,Spain,SHIPPING COST ESTIMATION for Courier Parcel with Full Insurance,True,50000.00,20000,1049.00,1050.00,
ES,Spain,SHIPPING COST ESTIMATION for Courier Parcel with Full Insurance,True,100000.00,20000,2049.00,2050.00,
ES,Spain,SHIPPING COST ESTIMATION for Courier Parcel with Full Insurance,True,200000.00,20000,4049.00,4050.00,
ES,Spain,SHIPPING COST ESTIMATION for Courier Parcel with Full Insurance,True,500000.00,20000,10049.00,10050.00,
ES,Spain,SHIPPING COST ESTIMATION for Courier Parcel with Full Insurance,True,1000000.00,20000,20049.00,20050.00,
ES,Spain,Virtual Delivery,True,10000.00,0,0.00,0.00,
FI,Finland,Letter (Standardbrief),False,25.00,20,1.25,1.55,
FI,Finland,Small Parcel (Päckchen XS),False,25.00,2000,6.99,7.99,
FI,Finland,Small Parcel (Päckchen M),False,25.00,2000,10.49,11.49,
FI,Finland,DHL Express,True,500.00,500,62.20,63.20,
FI,Finland,DHL Express,True,500.00,1000,71.00,72.00,
FI,Finland,Registered Parcel (DHL Paket Online),True,500.00,2000,14.49,15.49,
FI,Finland,DHL Express,True,500.00,2000,81.90,82.90,
FI,Finland,Registered Parcel (DHL Paket Online),True,500.00,5000,17.49,18.49,
FI,Finland,DHL Express,True,500.00,5000,110.60,111.60,
FI,Finland,Registered Parcel (DHL Paket Online),True,500.00,10000,22.49,23.49,
FI,Finland,Registered Parcel (DHL Paket Online),True,500.00,20000,28.49,29.49,
FI,Finland,Registered Parcel (DHL Paket Online),True,500.00,30000,45.49,46.49,
FI,Finland,Insured Parcel (DHL Wertpaket 1.000€),True,1000.00,5000,31.49,32.49,
FI,Finland,Insured Parcel (DHL Wertpaket 1.000€),True,1000.00,10000,36.49,37.49,
FI,Finland,Insured Parcel (DHL Wertpaket 1.000€),True,1000.00,20000,42.49,43.49,
FI,Finland,Insured Parcel (DHL Wertpaket 1.000€),True,1000.00,30000,59.49,60.49,
FI,Finland,DHL Express Insurance 1.500 €,True,1500.00,500,77.20,78.20,
FI,Finland,DHL Express Insurance 1.500 €,True,1500.00,1000,86.00,87.00,
FI,Finland,DHL Express Insurance 1.500 €,True,1500.00,2000,96.90,97.90,
FI,Finland,DHL Express Insurance 1.500 €,True,1500.00,5000,125.60,126.60,
FI,Finland,Insured Parcel (DHL Wertpaket 2.000€),True,2000.00,5000,45.49,46.49,
FI,Finland,Insured Parcel (DHL Wertpaket 2.000€),True,2000.00,10000,50.49,51.49,
FI,Finland,Insured Parcel (DHL Wertpaket 2.000€),True,2000.00,20000,56.49,57.49,
FI,Finland,Insured Parcel (DHL Wertpaket 2.000€),True,2000.00,30000,73.49,74.49,
FI,Finland,DHL Express Insurance 2.500 €,True,2500.00,500,87.20,88.20,
FI,Finland,DHL Express Insurance 2.500 €,True,2500.00,1000,96.00,97.00,
FI,Finland,DHL Express Insurance 2.500 €,True,2500.00,2000,106.90,107.90,
FI,Finland,DHL Express Insurance 2.500 €,True,2500.00,5000,135.60,136.60,
FI,Finland,SHIPPING COST ESTIMATION for Courier Parcel with Full Insurance,True,2500.00,20000,99.00,100.00,
FI,Finland,DHL Express Insurance 5.000 €,True,5000.00,500,121.00,122.00,
FI,Finland,DHL Express Insurance 5.000 €,True,5000.00,1000,131.90,132.90,
FI,Finland,DHL Express Insurance 5.000 €,True,5000.00,2000,160.60,161.60,
FI,Finland,DHL Express Insurance 5.000 €,True,5000.00,5000,127.20,128.20,
FI,Finland,SHIPPING COST ESTIMATION for Courier Parcel with Full Insurance,True,5000.00,20000,149.00,150.00,
FI,Finland,SHIPPING COST ESTIMATION for Courier Parcel with Full Insurance,True,10000.00,20000,249.00,250.00,
FI,Finland,SHIPPING COST ESTIMATION for Courier Parcel with Full Insurance,True,20000.00,20000,449.00,450.00,
FI,Finland,SHIPPING COST ESTIMATION for Courier Parcel with Full Insurance,True,50000.00,20000,1049.00,1050.00,
FI,Finland,SHIPPING COST ESTIMATION for Courier Parcel with Full Insurance,True,100000.00,20000,2049.00,2050.00,
FI,Finland,SHIPPING COST ESTIMATION for Courier Parcel with Full Insurance,True,200000.00,20000,4049.00,4050.00,
FI,Finland,SHIPPING COST ESTIMATION for Courier Parcel with Full Insurance,True,500000.00,20000,10049.00,10050.00,
FI,Finland,SHIPPING COST ESTIMATION for Courier Parcel with Full Insurance,True,1000000.00,20000,20049.00,20050.00,
FI,Finland,Virtual Delivery,True,10000.00,0,0.00,0.00,
FR,France,Letter (Standardbrief),False,25.00,20,1.25,1.55,
FR,France,Small Parcel (Päckchen XS),False,25.00,2000,6.99,7.99,
FR,France,Small Parcel (Päckchen M),False,25.00,2000,10.49,11.49,
FR,France,DHL Express,True,500.00,500,55.30,56.30,
FR,France,DHL Express,True,500.00,1000,61.00,62.00,
FR,France,Registered Parcel (DHL Paket Online),True,500.00,2000,14.49,15.49,
FR,France,DHL Express,True,500.00,2000,67.60,68.60,
FR,France,Registered Parcel (DHL Paket Online),True,500.00,5000,17.49,18.49,
FR,France,DHL Express,True,500.00,5000,81.80,82.80,
FR,France,Registered Parcel (DHL Paket Online),True,500.00,10000,22.49,23.49,
FR,France,Registered Parcel (DHL Paket Online),True,500.00,20000,28.49,29.49,
FR,France,Registered Parcel (DHL Paket Online),True,500.00,30000,45.49,46.49,
FR,France,Insured Parcel (DHL Wertpaket 1.000€),True,1000.00,5000,31.49,32.49,
FR,France,Insured Parcel (DHL Wertpaket 1.000€),True,1000.00,10000,36.49,37.49,
FR,France,Insured Parcel (DHL Wertpaket 1.000€),True,1000.00,20000,42.49,43.49,
FR,France,Insured Parcel (DHL Wertpaket 1.000€),True,1000.00,30000,59.49,60.49,
FR,France,DHL Express Insurance 1.500 €,True,1500.00,500,70.30,71.30,
FR,France,DHL Express Insurance 1.500 €,True,1500.00,1000,76.00,77.00,
FR,France,DHL Express Insurance 1.500 €,True,1500.00,2000,82.60,83.60,
FR,France,DHL Express Insurance 1.500 €,True,1500.00,5000,96.80,97.80,
FR,France,Insured Parcel (DHL Wertpaket 2.000€),True,2000.00,5000,45.49,46.49,
FR,France,Insured Parcel (DHL Wertpaket 2.000€),True,2000.00,10000,50.49,51.49,
FR,France,Insured Parcel (DHL Wertpaket 2.000€),True,2000.00,20000,56.49,57.49,
FR,France,Insured Parcel (DHL Wertpaket 2.000€),True,2000.00,30000,73.49,74.49,
FR,France,DHL Express Insurance 2.500 €,True,2500.00,500,80.30,81.30,
FR,France,DHL Express Insurance 2.500 €,True,2500.00,1000,86.00,87.00,
FR,France,DHL Express Insurance 2.500 €,True,2500.00,2000,92.60,93.60,
FR,France,DHL Express Insurance 2.500 €,True,2500.00,5000,106.80,107.80,
FR,France,SHIPPING COST ESTIMATION for Courier Parcel with Full Insurance,True,2500.00,20000,99.00,100.00,
FR,France,DHL Express Insurance 5.000 €,True,5000.00,500,111.00,112.00,
FR,France,DHL Express Insurance 5.000 €,True,5000.00,1000,117.60,118.60,
FR,France,DHL Express Insurance 5.000 €,True,5000.00,2000,131.80,132.80,
FR,France,DHL Express Insurance 5.000 €,True,5000.00,5000,120.30,121.30,
FR,France,SHIPPING COST ESTIMATION for Courier Parcel with Full Insurance,True,5000.00,20000,149.00,150.00,
FR,France,SHIPPING COST ESTIMATION for Courier Parcel with Full Insurance,True,10000.00,20000,249.00,250.00,
FR,France,SHIPPING COST ESTIMATION for Courier Parcel with Full Insurance,True,20000.00,20000,449.00,450.00,
FR,France,SHIPPING COST ESTIMATION for Courier Parcel with Full Insurance,True,50000.00,20000,1049.00,1050.00,
FR,France,SHIPPING COST ESTIMATION for Courier Parcel with Full Insurance,True,100000.00,20000,2049.00,2050.00,
FR,France,SHIPPING COST ESTIMATION for Courier Parcel with Full Insurance,True,200000.00,20000,4049.00,4050.00,
FR,France,SHIPPING COST ESTIMATION for Courier Parcel with Full Insurance,True,500000.00,20000,10049.00,10050.00,
FR,France,SHIPPING COST ESTIMATION for Courier Parcel with Full Insurance,True,1000000.00,20000,20049.00,20050.00,
FR,France,Virtual Delivery,True,10000.00,0,0.00,0.00,
GB,United Kingdom,Letter (Standardbrief),False,25.00,20,1.25,1.55,
GB,United Kingdom,Registered Parcel (DHL Paket Online),True,500.00,5000,26.99,27.99,
GB,United Kingdom,Registered Parcel (DHL Paket Online),True,500.00,10000,34.99,35.99,
GB,United Kingdom,Registered Parcel (DHL Paket Online),True,500.00,20000,48.99,49.99,
GB,United Kingdom,Registered Parcel (DHL Paket Online),True,500.00,30000,62.99,63.99,
GB,United Kingdom,Insured Parcel (DHL Wertpaket 1.000€),True,1000.00,5000,40.99,41.99,
GB,United Kingdom,Insured Parcel (DHL Wertpaket 1.000€),True,1000.00,10000,48.99,49.99,
GB,United Kingdom,Insured Parcel (DHL Wertpaket 1.000€),True,1000.00,20000,62.99,63.99,
GB,United Kingdom,Insured Parcel (DHL Wertpaket 1.000€),True,1000.00,30000,76.99,77.99,
GB,United Kingdom,Insured Parcel (DHL Wertpaket 2.000€),True,2000.00,5000,54.99,55.99,
GB,United Kingdom,Insured Parcel (DHL Wertpaket 2.000€),True,2000.00,10000,62.99,63.99,
GB,United Kingdom,Insured Parcel (DHL Wertpaket 2.000€),True,2000.00,20000,76.99,77.99,
GB,United Kingdom,Insured Parcel (DHL Wertpaket 2.000€),True,2000.00,30000,90.99,91.99,
GB,United Kingdom,SHIPPING COST ESTIMATION for Courier Parcel with Full Insurance,True,2500.00,20000,99.00,100.00,
GB,United Kingdom,SHIPPING COST ESTIMATION for Courier Parcel with Full Insurance,True,5000.00,20000,149.00,150.00,
GB,United Kingdom,SHIPPING COST ESTIMATION for Courier Parcel with Full Insurance,True,10000.00,20000,249.00,250.00,
GB,United Kingdom,SHIPPING COST ESTIMATION for Courier Parcel with Full Insurance,True,20000.00,20000,449.00,450.00,
GB,United Kingdom,SHIPPING COST ESTIMATION for Courier Parcel with Full Insurance,True,50000.00,20000,1049.00,1050.00,
GB,United Kingdom,SHIPPING COST ESTIMATION for Courier Parcel with Full Insurance,True,100000.00,20000,2049.00,2050.00,
GB,United Kingdom,SHIPPING COST ESTIMATION for Courier Parcel with Full Insurance,True,200000.00,20000,4049.00,4050.00,
GB,United Kingdom,SHIPPING COST ESTIMATION for Courier Parcel with Full Insurance,True,500000.00,20000,10049.00,10050.00,
GB,United Kingdom,SHIPPING COST ESTIMATION for Courier Parcel with Full Insurance,True,1000000.00,20000,20049.00,20050.00,
GB,United Kingdom,Virtual Delivery,True,10000.00,0,0.00,0.00,
GR,Greece,Letter (Standardbrief),False,25.00,20,1.25,1.55,
GR,Greece,Small Parcel (Päckchen XS),False,25.00,2000,6.99,7.99,
GR,Greece,Small Parcel (Päckchen M),False,25.00,2000,10.49,11.49,
GR,Greece,DHL Express,True,500.00,500,62.20,63.20,
GR,Greece,DHL Express,True,500.00,1000,71.00,72.00,
GR,Greece,Registered Parcel (DHL Paket Online),True,500.00,2000,14.49,15.49,
GR,Greece,DHL Express,True,500.00,2000,81.90,82.90,
GR,Greece,Registered Parcel (DHL Paket Online),True,500.00,5000,17.49,18.49,
GR,Greece,DHL Express,True,500.00,5000,110.60,111.60,
GR,Greece,Registered Parcel (DHL Paket Online),True,500.00,10000,22.49,23.49,
GR,Greece,Registered Parcel (DHL Paket Online),True,500.00,20000,28.49,29.49,
GR,Greece,Registered Parcel (DHL Paket Online),True,500.00,30000,45.49,46.49,
GR,Greece,Insured Parcel (DHL Wertpaket 1.000€),True,1000.00,5000,31.49,32.49,
GR,Greece,Insured Parcel (DHL Wertpaket 1.000€),True,1000.00,10000,36.49,37.49,
GR,Greece,Insured Parcel (DHL Wertpaket 1.000€),True,1000.00,20000,42.49,43.49,
GR,Greece,Insured Parcel (DHL Wertpaket 1.000€),True,1000.00,30000,59.49,60.49,
GR,Greece,DHL Express Insurance 1.500 €,True,1500.00,500,77.20,78.20,
GR,Greece,DHL Express Insurance 1.500 €,True,1500.00,1000,86.00,87.00,
GR,Greece,DHL Express Insurance 1.500 €,True,1500.00,2000,96.90,97.90,
GR,Greece,DHL Express Insurance 1.500 €,True,1500.00,5000,125.60,126.60,
GR,Greece,Insured Parcel (DHL Wertpaket 2.000€),True,2000.00,5000,45.49,46.49,
GR,Greece,Insured Parcel (DHL Wertpaket 2.000€),True,2000.00,10000,50.49,51.49,
GR,Greece,Insured Parcel (DHL Wertpaket 2.000€),True,2000.00,20000,56.49,57.49,
GR,Greece,Insured Parcel (DHL Wertpaket 2.000€),True,2000.00,30000,73.49,74.49,
GR,Greece,DHL Express Insurance 2.500 €,True,2500.00,500,87.20,88.20,
GR,Greece,DHL Express Insurance 2.500 €,True,2500.00,1000,96.00,97.00,
GR,Greece,DHL Express Insurance 2.500 €,True,2500.00,2000,106.90,107.90,
GR,Greece,DHL Express Insurance 2.500 €,True,2500.00,5000,135.60,136.60,
GR,Greece,SHIPPING COST ESTIMATION for Courier Parcel with Full Insurance,True,2500.00,20000,99.00,100.00,
GR,Greece,DHL Express Insurance 5.000 €,True,5000.00,500,121.00,122.00,
GR,Greece,DHL Express Insurance 5.000 €,True,5000.00,1000,131.90,132.90,
GR,Greece,DHL Express Insurance 5.000 €,True,5000.00,2000,160.60,161.60,
GR,Greece,DHL Express Insurance 5.000 €,True,5000.00,5000,127.20,128.20,
GR,Greece,SHIPPING COST ESTIMATION for Courier Parcel with Full Insurance,True,5000.00,20000,149.00,150.00,
GR,Greece,SHIPPING COST ESTIMATION for Courier Parcel with Full Insurance,True,10000.00,20000,249.00,250.00,
GR,Greece,SHIPPING COST ESTIMATION for Courier Parcel with Full Insurance,True,20000.00,20000,449.00,450.00,
GR,Greece,SHIPPING COST ESTIMATION for Courier Parcel with Full Insurance,True,50000.00,20000,1049.00,1050.00,
GR,Greece,SHIPPING COST ESTIMATION for Courier Parcel with Full Insurance,True,100000.00,20000,2049.00,2050.00,
GR,Greece,SHIPPING COST ESTIMATION for Courier Parcel with Full Insurance,True,200000.00,20000,4049.00,4050.00,
GR,Greece,SHIPPING COST ESTIMATION for Courier Parcel with Full Insurance,True,500000.00,20000,10049.00,10050.00,
GR,Greece,SHIPPING COST ESTIMATION for Courier Parcel with Full Insurance,True,1000000.00,20000,20049.00,20050.00,
GR,Greece,Virtual Delivery,True,10000.00,0,0.00,0.00,
HR,Croatia,Letter (Standardbrief),False,25.00,20,1.25,1.55,
HR,Croatia,Small Parcel (Päckchen XS),False,25.00,2000,6.99,7.99,
HR,Croatia,Small Parcel (Päckchen M),False,25.00,2000,10.49,11.49,
HR,Croatia,DHL Express,True,500.00,500,62.20,63.20,
HR,Croatia,DHL Express,True,500.00,1000,71.00,72.00,
HR,Croatia,Registered Parcel (DHL Paket Online),True,500.00,2000,14.49,15.49,
HR,Croatia,DHL Express,True,500.00,2000,81.90,82.90,
HR,Croatia,Registered Parcel (DHL Paket Online),True,500.00,5000,17.49,18.49,
HR,Croatia,DHL Express,True,500.00,5000,110.60,111.60,
HR,Croatia,Registered Parcel (DHL Paket Online),True,500.00,10000,22.49,23.49,
HR,Croatia,Registered Parcel (DHL Paket Online),True,500.00,20000,28.49,29.49,
HR,Croatia,Registered Parcel (DHL Paket Online),True,500.00,30000,45.49,46.49,
HR,Croatia,Insured Parcel (DHL Wertpaket 1.000€),True,1000.00,5000,31.49,32.49,
HR,Croatia,Insured Parcel (DHL Wertpaket 1.000€),True,1000.00,10000,36.49,37.49,
HR,Croatia,Insured Parcel (DHL Wertpaket 1.000€),True,1000.00,20000,42.49,43.49,
HR,Croatia,Insured Parcel (DHL Wertpaket 1.000€),True,1000.00,30000,59.49,60.49,
HR,Croatia,DHL Express Insurance 1.500 €,True,1500.00,500,77.20,78.20,
HR,Croatia,DHL Express Insurance 1.500 €,True,1500.00,1000,86.00,87.00,
HR,Croatia,DHL Express Insurance 1.500 €,True,1500.00,2000,96.90,97.90,
HR,Croatia,DHL Express Insurance 1.500 €,True,1500.00,5000,125.60,126.60,
HR,Croatia,Insured Parcel (DHL Wertpaket 2.000€),True,2000.00,5000,45.49,46.49,
HR,Croatia,Insured Parcel (DHL Wertpaket 2.000€),True,2000.00,10000,50.49,51.49,
HR,Croatia,Insured Parcel (DHL Wertpaket 2.000€),True,2000.00,20000,56.49,57.49,
HR,Croatia,Insured Parcel (DHL Wertpaket 2.000€),True,2000.00,30000,73.49,74.49,
HR,Croatia,DHL Express Insurance 2.500 €,True,2500.00,500,87.20,88.20,
HR,Croatia,DHL Express Insurance 2.500 €,True,2500.00,1000,96.00,97.00,
HR,Croatia,DHL Express Insurance 2.500 €,True,2500.00,2000,106.90,107.90,
HR,Croatia,DHL Express Insurance 2.500 €,True,2500.00,5000,135.60,136.60,
HR,Croatia,SHIPPING COST ESTIMATION for Courier Parcel with Full Insurance,True,2500.00,20000,99.00,100.00,
HR,Croatia,DHL Express Insurance 5.000 €,True,5000.00,500,121.00,122.00,
HR,Croatia,DHL Express Insurance 5.000 €,True,5000.00,1000,131.90,132.90,
HR,Croatia,DHL Express Insurance 5.000 €,True,5000.00,2000,160.60,161.60,
HR,Croatia,DHL Express Insurance 5.000 €,True,5000.00,5000,127.20,128.20,
HR,Croatia,SHIPPING COST ESTIMATION for Courier Parcel with Full Insurance,True,5000.00,20000,149.00,150.00,
HR,Croatia,SHIPPING COST ESTIMATION for Courier Parcel with Full Insurance,True,10000.00,20000,249.00,250.00,
HR,Croatia,SHIPPING COST ESTIMATION for Courier Parcel with Full Insurance,True,20000.00,20000,449.00,450.00,
HR,Croatia,SHIPPING COST ESTIMATION for Courier Parcel with Full Insurance,True,50000.00,20000,1049.00,1050.00,
HR,Croatia,SHIPPING COST ESTIMATION for Courier Parcel with Full Insurance,True,100000.00,20000,2049.00,2050.00,
HR,Croatia,SHIPPING COST ESTIMATION for Courier Parcel with Full Insurance,True,200000.00,20000,4049.00,4050.00,
HR,Croatia,SHIPPING COST ESTIMATION for Courier Parcel with Full Insurance,True,500000.00,20000,10049.00,10050.00,
HR,Croatia,SHIPPING COST ESTIMATION for Courier Parcel with Full Insurance,True,1000000.00,20000,20049.00,20050.00,
HR,Croatia,Virtual Delivery,True,10000.00,0,0.00,0.00,
HU,Hungary,Letter (Standardbrief),False,25.00,20,1.25,1.55,
HU,Hungary,Small Parcel (Päckchen XS),False,25.00,2000,6.99,7.99,
HU,Hungary,Small Parcel (Päckchen M),False,25.00,2000,10.49,11.49,
HU,Hungary,DHL Express,True,500.00,500,62.20,63.20,
HU,Hungary,DHL Express,True,500.00,1000,71.00,72.00,
HU,Hungary,Registered Parcel (DHL Paket Online),True,500.00,2000,14.49,15.49,
HU,Hungary,DHL Express,True,500.00,2000,81.90,82.90,
HU,Hungary,Registered Parcel (DHL Paket Online),True,500.00,5000,17.49,18.49,
HU,Hungary,DHL Express,True,500.00,5000,110.60,111.60,
HU,Hungary,Registered Parcel (DHL Paket Online),True,500.00,10000,22.49,23.49,
HU,Hungary,Registered Parcel (DHL Paket Online),True,500.00,20000,28.49,29.49,
HU,Hungary,Registered Parcel (DHL Paket Online),True,500.00,30000,45.49,46.49,
HU,Hungary,Insured Parcel (DHL Wertpaket 1.000€),True,1000.00,5000,31.49,32.49,
HU,Hungary,Insured Parcel (DHL Wertpaket 1.000€),True,1000.00,10000,36.49,37.49,
HU,Hungary,Insured Parcel (DHL Wertpaket 1.000€),True,1000.00,20000,42.49,43.49,
HU,Hungary,Insured Parcel (DHL Wertpaket 1.000€),True,1000.00,30000,59.49,60.49,
HU,Hungary,DHL Express Insurance 1.500 €,True,1500.00,500,77.20,78.20,
HU,Hungary,DHL Express Insurance 1.500 €,True,1500.00,1000,86.00,87.00,
HU,Hungary,DHL Express Insurance 1.500 €,True,1500.00,2000,96.90,97.90,
HU,Hungary,DHL Express Insurance 1.500 €,True,1500.00,5000,125.60,126.60,
HU,Hungary,Insured Parcel (DHL Wertpaket 2.000€),True,2000.00,5000,45.49,46.49,
HU,Hungary,Insured Parcel (DHL Wertpaket 2.000€),True,2000.00,10000,50.49,51.49,
HU,Hungary,Insured Parcel (DHL Wertpaket 2.000€),True,2000.00,20000,56.49,57.49,
HU,Hungary,Insured Parcel (DHL Wertpaket 2.000€),True,2000.00,30000,73.49,74.49,
HU,Hungary,DHL Express Insurance 2.500 €,True,2500.00,500,87.20,88.20,
HU,Hungary,DHL Express Insurance 2.500 €,True,2500.00,1000,96.00,97.00,
HU,Hungary,DHL Express Insurance 2.500 €,True,2500.00,2000,106.90,107.90,
HU,Hungary,DHL Express Insurance 2.500 €,True,2500.00,5000,135.60,136.60,
HU,Hungary,SHIPPING COST ESTIMATION for Courier Parcel with Full Insurance,True,2500.00,20000,99.00,100.00,
HU,Hungary,DHL Express Insurance 5.000 €,True,5000.00,500,121.00,122.00,
HU,Hungary,DHL Express Insurance 5.000 €,True,5000.00,1000,131.90,132.90,
HU,Hungary,DHL Express Insurance 5.000 €,True,5000.00,2000,160.60,161.60,
HU,Hungary,DHL Express Insurance 5.000 €,True,5000.00,5000,127.20,128.20,
HU,Hungary,SHIPPING COST ESTIMATION for Courier Parcel with Full Insurance,True,5000.00,20000,149.00,150.00,
HU,Hungary,SHIPPING COST ESTIMATION for Courier Parcel with Full Insurance,True,10000.00,20000,249.00,250.00,
HU,Hungary,SHIPPING COST ESTIMATION for Courier Parcel with Full Insurance,True,20000.00,20000,449.00,450.00,
HU,Hungary,SHIPPING COST ESTIMATION for Courier Parcel with Full Insurance,True,50000.00,20000,1049.00,1050.00,
HU,Hungary,SHIPPING COST ESTIMATION for Courier Parcel with Full Insurance,True,100000.00,20000,2049.00,2050.00,
HU,Hungary,SHIPPING COST ESTIMATION for Courier Parcel with Full Insurance,True,200000.00,20000,4049.00,4050.00,
HU,Hungary,SHIPPING COST ESTIMATION for Courier Parcel with Full Insurance,True,500000.00,20000,10049.00,10050.00,
HU,Hungary,SHIPPING COST ESTIMATION for Courier Parcel with Full Insurance,True,1000000.00,20000,20049.00,20050.00,
HU,Hungary,Virtual Delivery,True,10000.00,0,0.00,0.00,
IE,Ireland,Letter (Standardbrief),False,25.00,20,1.25,1.55,
IE,Ireland,Small Parcel (Päckchen XS),False,25.00,2000,6.99,7.99,
IE,Ireland,Small Parcel (Päckchen M),False,25.00,2000,10.49,11.49,
IE,Ireland,DHL Express,True,500.00,500,62.20,63.20,
IE,Ireland,DHL Express,True,500.00,1000,71.00,72.00,
IE,Ireland,Registered Parcel (DHL Paket Online),True,500.00,2000,14.49,15.49,
IE,Ireland,DHL Express,True,500.00,2000,81.90,82.90,
IE,Ireland,Registered Parcel (DHL Paket Online),True,500.00,5000,17.49,18.49,
IE,Ireland,DHL Express,True,500.00,5000,110.60,111.60,
IE,Ireland,Registered Parcel (DHL Paket Online),True,500.00,10000,22.49,23.49,
IE,Ireland,Registered Parcel (DHL Paket Online),True,500.00,20000,28.49,29.49,
IE,Ireland,Registered Parcel (DHL Paket Online),True,500.00,30000,45.49,46.49,
IE,Ireland,Insured Parcel (DHL Wertpaket 1.000€),True,1000.00,5000,31.49,32.49,
IE,Ireland,Insured Parcel (DHL Wertpaket 1.000€),True,1000.00,10000,36.49,37.49,
IE,Ireland,Insured Parcel (DHL Wertpaket 1.000€),True,1000.00,20000,42.49,43.49,
IE,Ireland,Insured Parcel (DHL Wertpaket 1.000€),True,1000.00,30000,59.49,60.49,
IE,Ireland,DHL Express Insurance 1.500 €,True,1500.00,500,77.20,78.20,
IE,Ireland,DHL Express Insurance 1.500 €,True,1500.00,1000,86.00,87.00,
IE,Ireland,DHL Express Insurance 1.500 €,True,1500.00,2000,96.90,97.90,
IE,Ireland,DHL Express Insurance 1.500 €,True,1500.00,5000,125.60,126.60,
IE,Ireland,Insured Parcel (DHL Wertpaket 2.000€),True,2000.00,5000,45.49,46.49,
IE,Ireland,Insured Parcel (DHL Wertpaket 2.000€),True,2000.00,10000,50.49,51.49,
IE,Ireland,Insured Parcel (DHL Wertpaket 2.000€),True,2000.00,20000,56.49,57.49,
IE,Ireland,Insured Parcel (DHL Wertpaket 2.000€),True,2000.00,30000,73.49,74.49,
IE,Ireland,DHL Express Insurance 2.500 €,True,2500.00,500,87.20,88.20,
IE,Ireland,DHL Express Insurance 2.500 €,True,2500.00,1000,96.00,97.00,
IE,Ireland,DHL Express Insurance 2.500 €,True,2500.00,2000,106.90,107.90,
IE,Ireland,DHL Express Insurance 2.500 €,True,2500.00,5000,135.60,136.60,
IE,Ireland,SHIPPING COST ESTIMATION for Courier Parcel with Full Insurance,True,2500.00,20000,99.00,100.00,
IE,Ireland,DHL Express Insurance 5.000 €,True,5000.00,500,121.00,122.00,
IE,Ireland,DHL Express Insurance 5.000 €,True,5000.00,1000,131.90,132.90,
IE,Ireland,DHL Express Insurance 5.000 €,True,5000.00,2000,160.60,161.60,
IE,Ireland,DHL Express Insurance 5.000 €,True,5000.00,5000,127.20,128.20,
IE,Ireland,SHIPPING COST ESTIMATION for Courier Parcel with Full Insurance,True,5000.00,20000,149.00,150.00,
IE,Ireland,SHIPPING COST ESTIMATION for Courier Parcel with Full Insurance,True,10000.00,20000,249.00,250.00,
IE,Ireland,SHIPPING COST ESTIMATION for Courier Parcel with Full Insurance,True,20000.00,20000,449.00,450.00,
IE,Ireland,SHIPPING COST ESTIMATION for Courier Parcel with Full Insurance,True,50000.00,20000,1049.00,1050.00,
IE,Ireland,SHIPPING COST ESTIMATION for Courier Parcel with Full Insurance,True,100000.00,20000,2049.00,2050.00,
IE,Ireland,SHIPPING COST ESTIMATION for Courier Parcel with Full Insurance,True,200000.00,20000,4049.00,4050.00,
IE,Ireland,SHIPPING COST ESTIMATION for Courier Parcel with Full Insurance,True,500000.00,20000,10049.00,10050.00,
IE,Ireland,SHIPPING COST ESTIMATION for Courier Parcel with Full Insurance,True,1000000.00,20000,20049.00,20050.00,
IE,Ireland,Virtual Delivery,True,10000.00,0,0.00,0.00,
IS,Iceland,Letter (Standardbrief),False,25.00,20,1.25,1.55,
IS,Iceland,Parcel (DHL Päckchen M Online),False,25.00,2000,18.49,19.49,
IS,Iceland,Registered Parcel (DHL Paket Welt Online),True,500.00,5000,29.99,30.99,
IS,Iceland,Registered Parcel (DHL Paket Welt Online),True,500.00,10000,37.99,38.99,
IS,Iceland,Registered Parcel (DHL Paket Welt Online),True,500.00,20000,52.99,53.99,
IS,Iceland,Registered Parcel (DHL Paket Welt Online),True,500.00,30000,67.99,68.99,
IS,Iceland,Insured Parcel (DHL Wertpaket 1.000€),True,1000.00,5000,43.99,44.99,
IS,Iceland,Insured Parcel (DHL Wertpaket 1.000€),True,1000.00,10000,51.99,52.99,
IS,Iceland,Insured Parcel (DHL Wertpaket 1.000€),True,1000.00,20000,66.99,67.99,
IS,Iceland,Insured Parcel (DHL Wertpaket 1.000€),True,1000.00,30000,81.99,82.99,
IS,Iceland,Insured Parcel (DHL Wertpaket 2.000€),True,2000.00,5000,57.99,58.99,
IS,Iceland,Insured Parcel (DHL Wertpaket 2.000€),True,2000.00,10000,65.99,66.99,
IS,Iceland,Insured Parcel (DHL Wertpaket 2.000€),True,2000.00,20000,80.99,81.99,
IS,Iceland,Insured Parcel (DHL Wertpaket 2.000€),True,2000.00,30000,95.99,96.99,
IS,Iceland,SHIPPING COST ESTIMATION for Courier Parcel with Full Insurance,True,2500.00,20000,99.00,100.00,
IS,Iceland,SHIPPING COST ESTIMATION for Courier Parcel with Full Insurance,True,5000.00,20000,149.00,150.00,
IS,Iceland,SHIPPING COST ESTIMATION for Courier Parcel with Full Insurance,True,10000.00,20000,249.00,250.00,
IS,Iceland,SHIPPING COST ESTIMATION for Courier Parcel with Full Insurance,True,20000.00,20000,449.00,450.00,
IS,Iceland,SHIPPING COST ESTIMATION for Courier Parcel with Full Insurance,True,50000.00,20000,1049.00,1050.00,
IS,Iceland,SHIPPING COST ESTIMATION for Courier Parcel with Full Insurance,True,100000.00,20000,2049.00,2050.00,
IS,Iceland,SHIPPING COST ESTIMATION for Courier Parcel with Full Insurance,True,200000.00,20000,4049.00,4050.00,
IS,Iceland,SHIPPING COST ESTIMATION for Courier Parcel with Full Insurance,True,500000.00,20000,10049.00,10050.00,
IS,Iceland,SHIPPING COST ESTIMATION for Courier Parcel with Full Insurance,True,1000000.00,20000,20049.00,20050.00,
IS,Iceland,Virtual Delivery,True,10000.00,0,0.00,0.00,
IT,Italy,Letter (Standardbrief),False,25.00,20,1.25,1.55,
IT,Italy,Small Parcel (Päckchen XS),False,25.00,2000,6.99,7.99,
IT,Italy,Small Parcel (Päckchen M),False,25.00,2000,10.49,11.49,
IT,Italy,DHL Express,True,500.00,500,60.80,61.80,
IT,Italy,DHL Express,True,500.00,1000,68.60,69.60,
IT,Italy,Registered Parcel (DHL Paket Online),True,500.00,2000,14.49,15.49,
IT,Italy,DHL Express,True,500.00,2000,77.10,78.10,
IT,Italy,Registered Parcel (DHL Paket Online),True,500.00,5000,17.49,18.49,
IT,Italy,DHL Express,True,500.00,5000,96.90,97.90,
IT,Italy,Registered Parcel (DHL Paket Online),True,500.00,10000,22.49,23.49,
IT,Italy,Registered Parcel (DHL Paket Online),True,500.00,20000,28.49,29.49,
IT,Italy,Registered Parcel (DHL Paket Online),True,500.00,30000,45.49,46.49,
IT,Italy,Insured Parcel (DHL Wertpaket 1.000€),True,1000.00,5000,31.49,32.49,
IT,Italy,Insured Parcel (DHL Wertpaket 1.000€),True,1000.00,10000,36.49,37.49,
IT,Italy,Insured Parcel (DHL Wertpaket 1.000€),True,1000.00,20000,42.49,43.49,
IT,Italy,Insured Parcel (DHL Wertpaket 1.000€),True,1000.00,30000,59.49,60.49,
IT,Italy,DHL Express Insurance 1.500 €,True,1500.00,500,75.80,76.80,
IT,Italy,DHL Express Insurance 1.500 €,True,1500.00,1000,83.60,84.60,
IT,Italy,DHL Express Insurance 1.500 €,True,1500.00,2000,92.10,93.10,
IT,Italy,DHL Express Insurance 1.500 €,True,1500.00,5000,111.90,112.90,
IT,Italy,Insured Parcel (DHL Wertpaket 2.000€),True,2000.00,5000,45.49,46.49,
IT,Italy,Insured Parcel (DHL Wertpaket 2.000€),True,2000.00,10000,50.49,51.49,
IT,Italy,Insured Parcel (DHL Wertpaket 2.000€),True,2000.00,20000,56.49,57.49,
IT,Italy,Insured Parcel (DHL Wertpaket 2.000€),True,2000.00,30000,73.49,74.49,
IT,Italy,DHL Express Insurance 2.500 €,True,2500.00,500,85.80,86.80,
IT,Italy,DHL Express Insurance 2.500 €,True,2500.00,1000,93.60,94.60,
IT,Italy,DHL Express Insurance 2.500 €,True,2500.00,2000,102.10,103.10,
IT,Italy,DHL Express Insurance 2.500 €,True,2500.00,5000,121.90,122.90,
IT,Italy,SHIPPING COST ESTIMATION for Courier Parcel with Full Insurance,True,2500.00,20000,99.00,100.00,
IT,Italy,DHL Express Insurance 5.000 €,True,5000.00,500,118.60,119.60,
IT,Italy,DHL Express Insurance 5.000 €,True,5000.00,1000,127.10,128.10,
IT,Italy,DHL Express Insurance 5.000 €,True,5000.00,2000,146.90,147.90,
IT,Italy,DHL Express Insurance 5.000 €,True,5000.00,5000,125.80,126.80,
IT,Italy,SHIPPING COST ESTIMATION for Courier Parcel with Full Insurance,True,5000.00,20000,149.00,150.00,
IT,Italy,SHIPPING COST ESTIMATION for Courier Parcel with Full Insurance,True,10000.00,20000,249.00,250.00,
IT,Italy,SHIPPING COST ESTIMATION for Courier Parcel with Full Insurance,True,20000.00,20000,449.00,450.00,
IT,Italy,SHIPPING COST ESTIMATION for Courier Parcel with Full Insurance,True,50000.00,20000,1049.00,1050.00,
IT,Italy,SHIPPING COST ESTIMATION for Courier Parcel with Full Insurance,True,100000.00,20000,2049.00,2050.00,
IT,Italy,SHIPPING COST ESTIMATION for Courier Parcel with Full Insurance,True,200000.00,20000,4049.00,4050.00,
IT,Italy,SHIPPING COST ESTIMATION for Courier Parcel with Full Insurance,True,500000.00,20000,10049.00,10050.00,
IT,Italy,SHIPPING COST ESTIMATION for Courier Parcel with Full Insurance,True,1000000.00,20000,20049.00,20050.00,
IT,Italy,Virtual Delivery,True,10000.00,0,0.00,0.00,
JP,Japan,Virtual Delivery,True,10000.00,0,0.00,0.00,
LI,Liechtenstein,Letter (Standardbrief),False,25.00,20,1.25,1.55,
LI,Liechtenstein,Parcel (DHL Päckchen M Online),False,25.00,2000,18.49,19.49,
LI,Liechtenstein,Registered Parcel (DHL Paket Welt Online),True,500.00,5000,29.99,30.99,
LI,Liechtenstein,Registered Parcel (DHL Paket Welt Online),True,500.00,10000,37.99,38.99,
LI,Liechtenstein,Registered Parcel (DHL Paket Welt Online),True,500.00,20000,52.99,53.99,
LI,Liechtenstein,Registered Parcel (DHL Paket Welt Online),True,500.00,30000,67.99,68.99,
LI,Liechtenstein,Insured Parcel (DHL Wertpaket 1.000€),True,1000.00,5000,43.99,44.99,
LI,Liechtenstein,Insured Parcel (DHL Wertpaket 1.000€),True,1000.00,10000,51.99,52.99,
LI,Liechtenstein,Insured Parcel (DHL Wertpaket 1.000€),True,1000.00,20000,66.99,67.99,
LI,Liechtenstein,Insured Parcel (DHL Wertpaket 1.000€),True,1000.00,30000,81.99,82.99,
LI,Liechtenstein,Insured Parcel (DHL Wertpaket 2.000€),True,2000.00,5000,57.99,58.99,
LI,Liechtenstein,Insured Parcel (DHL Wertpaket 2.000€),True,2000.00,10000,65.99,66.99,
LI,Liechtenstein,Insured Parcel (DHL Wertpaket 2.000€),True,2000.00,20000,80.99,81.99,
LI,Liechtenstein,Insured Parcel (DHL Wertpaket 2.000€),True,2000.00,30000,95.99,96.99,
LI,Liechtenstein,SHIPPING COST ESTIMATION for Courier Parcel with Full Insurance,True,2500.00,20000,99.00,100.00,
LI,Liechtenstein,SHIPPING COST ESTIMATION for Courier Parcel with Full Insurance,True,5000.00,20000,149.00,150.00,
LI,Liechtenstein,SHIPPING COST ESTIMATION for Courier Parcel with Full Insurance,True,10000.00,20000,249.00,250.00,
LI,Liechtenstein,SHIPPING COST ESTIMATION for Courier Parcel with Full Insurance,True,20000.00,20000,449.00,450.00,
LI,Liechtenstein,SHIPPING COST ESTIMATION for Courier Parcel with Full Insurance,True,50000.00,20000,1049.00,1050.00,
LI,Liechtenstein,SHIPPING COST ESTIMATION for Courier Parcel with Full Insurance,True,100000.00,20000,2049.00,2050.00,
LI,Liechtenstein,SHIPPING COST ESTIMATION for Courier Parcel with Full Insurance,True,200000.00,20000,4049.00,4050.00,
LI,Liechtenstein,SHIPPING COST ESTIMATION for Courier Parcel with Full Insurance,True,500000.00,20000,10049.00,10050.00,
LI,Liechtenstein,SHIPPING COST ESTIMATION for Courier Parcel with Full Insurance,True,1000000.00,20000,20049.00,20050.00,
LI,Liechtenstein,Virtual Delivery,True,10000.00,0,0.00,0.00,
LT,Lithuania,Letter (Standardbrief),False,25.00,20,1.25,1.55,
LT,Lithuania,Small Parcel (Päckchen XS),False,25.00,2000,6.99,7.99,
LT,Lithuania,Small Parcel (Päckchen M),False,25.00,2000,10.49,11.49,
LT,Lithuania,DHL Express,True,500.00,500,62.20,63.20,
LT,Lithuania,DHL Express,True,500.00,1000,71.00,72.00,
LT,Lithuania,Registered Parcel (DHL Paket Online),True,500.00,2000,14.49,15.49,
LT,Lithuania,DHL Express,True,500.00,2000,81.90,82.90,
LT,Lithuania,Registered Parcel (DHL Paket Online),True,500.00,5000,17.49,18.49,
LT,Lithuania,DHL Express,True,500.00,5000,110.60,111.60,
LT,Lithuania,Registered Parcel (DHL Paket Online),True,500.00,10000,22.49,23.49,
LT,Lithuania,Registered Parcel (DHL Paket Online),True,500.00,20000,28.49,29.49,
LT,Lithuania,Registered Parcel (DHL Paket Online),True,500.00,30000,45.49,46.49,
LT,Lithuania,Insured Parcel (DHL Wertpaket 1.000€),True,1000.00,5000,31.49,32.49,
LT,Lithuania,Insured Parcel (DHL Wertpaket 1.000€),True,1000.00,10000,36.49,37.49,
LT,Lithuania,Insured Parcel (DHL Wertpaket 1.000€),True,1000.00,20000,42.49,43.49,
LT,Lithuania,Insured Parcel (DHL Wertpaket 1.000€),True,1000.00,30000,59.49,60.49,
LT,Lithuania,DHL Express Insurance 1.500 €,True,1500.00,500,77.20,78.20,
LT,Lithuania,DHL Express Insurance 1.500 €,True,1500.00,1000,86.00,87.00,
LT,Lithuania,DHL Express Insurance 1.500 €,True,1500.00,2000,96.90,97.90,
LT,Lithuania,DHL Express Insurance 1.500 €,True,1500.00,5000,125.60,126.60,
LT,Lithuania,Insured Parcel (DHL Wertpaket 2.000€),True,2000.00,5000,45.49,46.49,
LT,Lithuania,Insured Parcel (DHL Wertpaket 2.000€),True,2000.00,10000,50.49,51.49,
LT,Lithuania,Insured Parcel (DHL Wertpaket 2.000€),True,2000.00,20000,56.49,57.49,
LT,Lithuania,Insured Parcel (DHL Wertpaket 2.000€),True,2000.00,30000,73.49,74.49,
LT,Lithuania,DHL Express Insurance 2.500 €,True,2500.00,500,87.20,88.20,
LT,Lithuania,DHL Express Insurance 2.500 €,True,2500.00,1000,96.00,97.00,
LT,Lithuania,DHL Express Insurance 2.500 €,True,2500.00,2000,106.90,107.90,
LT,Lithuania,DHL Express Insurance 2.500 €,True,2500.00,5000,135.60,136.60,
LT,Lithuania,SHIPPING COST ESTIMATION for Courier Parcel with Full Insurance,True,2500.00,20000,99.00,100.00,
LT,Lithuania,DHL Express Insurance 5.000 €,True,5000.00,500,121.00,122.00,
LT,Lithuania,DHL Express Insurance 5.000 €,True,5000.00,1000,131.90,132.90,
LT,Lithuania,DHL Express Insurance 5.000 €,True,5000.00,2000,160.60,161.60,
LT,Lithuania,DHL Express Insurance 5.000 €,True,5000.00,5000,127.20,128.20,
LT,Lithuania,SHIPPING COST ESTIMATION for Courier Parcel with Full Insurance,True,5000.00,20000,149.00,150.00,
LT,Lithuania,SHIPPING COST ESTIMATION for Courier Parcel with Full Insurance,True,10000.00,20000,249.00,250.00,
LT,Lithuania,SHIPPING COST ESTIMATION for Courier Parcel with Full Insurance,True,20000.00,20000,449.00,450.00,
LT,Lithuania,SHIPPING COST ESTIMATION for Courier Parcel with Full Insurance,True,50000.00,20000,1049.00,1050.00,
LT,Lithuania,SHIPPING COST ESTIMATION for Courier Parcel with Full Insurance,True,100000.00,20000,2049.00,2050.00,
LT,Lithuania,SHIPPING COST ESTIMATION for Courier Parcel with Full Insurance,True,200000.00,20000,4049.00,4050.00,
LT,Lithuania,SHIPPING COST ESTIMATION for Courier Parcel with Full Insurance,True,500000.00,20000,10049.00,10050.00,
LT,Lithuania,SHIPPING COST ESTIMATION for Courier Parcel with Full Insurance,True,1000000.00,20000,20049.00,20050.00,
LT,Lithuania,Virtual Delivery,True,10000.00,0,0.00,0.00,
LU,Luxembourg,Letter (Standardbrief),False,25.00,20,1.25,1.55,
LU,Luxembourg,Small Parcel (Päckchen XS),False,25.00,2000,6.99,7.99,
LU,Luxembourg,Small Parcel (Päckchen M),False,25.00,2000,10.49,11.49,
LU,Luxembourg,DHL Express,True,500.00,500,52.00,53.00,
LU,Luxembourg,DHL Express,True,500.00,1000,57.50,58.50,
LU,Luxembourg,Registered Parcel (DHL Paket Online),True,500.00,2000,14.49,15.49,
LU,Luxembourg,DHL Express,True,500.00,2000,64.00,65.00,
LU,Luxembourg,Registered Parcel (DHL Paket Online),True,500.00,5000,17.49,18.49,
LU,Luxembourg,DHL Express,True,500.00,5000,74.10,75.10,
LU,Luxembourg,Registered Parcel (DHL Paket Online),True,500.00,10000,22.49,23.49,
LU,Luxembourg,Registered Parcel (DHL Paket Online),True,500.00,20000,28.49,29.49,
LU,Luxembourg,Registered Parcel (DHL Paket Online),True,500.00,30000,45.49,46.49,
LU,Luxembourg,Insured Parcel (DHL Wertpaket 1.000€),True,1000.00,5000,31.49,32.49,
LU,Luxembourg,Insured Parcel (DHL Wertpaket 1.000€),True,1000.00,10000,36.49,37.49,
LU,Luxembourg,Insured Parcel (DHL Wertpaket 1.000€),True,1000.00,20000,42.49,43.49,
LU,Luxembourg,Insured Parcel (DHL Wertpaket 1.000€),True,1000.00,30000,59.49,60.49,
LU,Luxembourg,DHL Express Insurance 1.500 €,True,1500.00,500,67.00,68.00,
LU,Luxembourg,DHL Express Insurance 1.500 €,True,1500.00,1000,72.50,73.50,
LU,Luxembourg,DHL Express Insurance 1.500 €,True,1500.00,2000,79.00,80.00,
LU,Luxembourg,DHL Express Insurance 1.500 €,True,1500.00,5000,89.10,90.10,
LU,Luxembourg,Insured Parcel (DHL Wertpaket 2.000€),True,2000.00,5000,45.49,46.49,
LU,Luxembourg,Insured Parcel (DHL Wertpaket 2.000€),True,2000.00,10000,50.49,51.49,
LU,Luxembourg,Insured Parcel (DHL Wertpaket 2.000€),True,2000.00,20000,56.49,57.49,
LU,Luxembourg,Insured Parcel (DHL Wertpaket 2.000€),True,2000.00,30000,73.49,74.49,
LU,Luxembourg,DHL Express Insurance 2.500 €,True,2500.00,500,77.00,78.00,
LU,Luxembourg,DHL Express Insurance 2.500 €,True,2500.00,1000,82.50,83.50,
LU,Luxembourg,DHL Express Insurance 2.500 €,True,2500.00,2000,89.00,90.00,
LU,Luxembourg,DHL Express Insurance 2.500 €,True,2500.00,5000,99.10,100.10,
LU,Luxembourg,SHIPPING COST ESTIMATION for Courier Parcel with Full Insurance,True,2500.00,20000,99.00,100.00,
LU,Luxembourg,DHL Express Insurance 5.000 €,True,5000.00,500,107.50,108.50,
LU,Luxembourg,DHL Express Insurance 5.000 €,True,5000.00,1000,114.00,115.00,
LU,Luxembourg,DHL Express Insurance 5.000 €,True,5000.00,2000,124.10,125.10,
LU,Luxembourg,DHL Express Insurance 5.000 €,True,5000.00,5000,117.00,118.00,
LU,Luxembourg,SHIPPING COST ESTIMATION for Courier Parcel with Full Insurance,True,5000.00,20000,149.00,150.00,
LU,Luxembourg,SHIPPING COST ESTIMATION for Courier Parcel with Full Insurance,True,10000.00,20000,249.00,250.00,
LU,Luxembourg,SHIPPING COST ESTIMATION for Courier Parcel with Full Insurance,True,20000.00,20000,449.00,450.00,
LU,Luxembourg,SHIPPING COST ESTIMATION for Courier Parcel with Full Insurance,True,50000.00,20000,1049.00,1050.00,
LU,Luxembourg,SHIPPING COST ESTIMATION for Courier Parcel with Full Insurance,True,100000.00,20000,2049.00,2050.00,
LU,Luxembourg,SHIPPING COST ESTIMATION for Courier Parcel with Full Insurance,True,200000.00,20000,4049.00,4050.00,
LU,Luxembourg,SHIPPING COST ESTIMATION for Courier Parcel with Full Insurance,True,500000.00,20000,10049.00,10050.00,
LU,Luxembourg,SHIPPING COST ESTIMATION for Courier Parcel with Full Insurance,True,1000000.00,20000,20049.00,20050.00,
LU,Luxembourg,Virtual Delivery,True,10000.00,0,0.00,0.00,
LV,Latvia,Letter (Standardbrief),False,25.00,20,1.25,1.55,
LV,Latvia,Small Parcel (Päckchen XS),False,25.00,2000,6.99,7.99,
LV,Latvia,Small Parcel (Päckchen M),False,25.00,2000,10.49,11.49,
LV,Latvia,DHL Express,True,500.00,500,62.20,63.20,
LV,Latvia,DHL Express,True,500.00,1000,71.00,72.00,
LV,Latvia,Registered Parcel (DHL Paket Online),True,500.00,2000,14.49,15.49,
LV,Latvia,DHL Express,True,500.00,2000,81.90,82.90,
LV,Latvia,Registered Parcel (DHL Paket Online),True,500.00,5000,17.49,18.49,
LV,Latvia,DHL Express,True,500.00,5000,110.60,111.60,
LV,Latvia,Registered Parcel (DHL Paket Online),True,500.00,10000,22.49,23.49,
LV,Latvia,Registered Parcel (DHL Paket Online),True,500.00,20000,28.49,29.49,
LV,Latvia,Registered Parcel (DHL Paket Online),True,500.00,30000,45.49,46.49,
LV,Latvia,Insured Parcel (DHL Wertpaket 1.000€),True,1000.00,5000,31.49,32.49,
LV,Latvia,Insured Parcel (DHL Wertpaket 1.000€),True,1000.00,10000,36.49,37.49,
LV,Latvia,Insured Parcel (DHL Wertpaket 1.000€),True,1000.00,20000,42.49,43.49,
LV,Latvia,Insured Parcel (DHL Wertpaket 1.000€),True,1000.00,30000,59.49,60.49,
LV,Latvia,DHL Express Insurance 1.500 €,True,1500.00,500,77.20,78.20,
LV,Latvia,DHL Express Insurance 1.500 €,True,1500.00,1000,86.00,87.00,
LV,Latvia,DHL Express Insurance 1.500 €,True,1500.00,2000,96.90,97.90,
LV,Latvia,DHL Express Insurance 1.500 €,True,1500.00,5000,125.60,126.60,
LV,Latvia,Insured Parcel (DHL Wertpaket 2.000€),True,2000.00,5000,45.49,46.49,
LV,Latvia,Insured Parcel (DHL Wertpaket 2.000€),True,2000.00,10000,50.49,51.49,
LV,Latvia,Insured Parcel (DHL Wertpaket 2.000€),True,2000.00,20000,56.49,57.49,
LV,Latvia,Insured Parcel (DHL Wertpaket 2.000€),True,2000.00,30000,73.49,74.49,
LV,Latvia,DHL Express Insurance 2.500 €,True,2500.00,500,87.20,88.20,
LV,Latvia,DHL Express Insurance 2.500 €,True,2500.00,1000,96.00,97.00,
LV,Latvia,DHL Express Insurance 2.500 €,True,2500.00,2000,106.90,107.90,
LV,Latvia,DHL Express Insurance 2.500 €,True,2500.00,5000,135.60,136.60,
LV,Latvia,SHIPPING COST ESTIMATION for Courier Parcel with Full Insurance,True,2500.00,20000,99.00,100.00,
LV,Latvia,DHL Express Insurance 5.000 €,True,5000.00,500,121.00,122.00,
LV,Latvia,DHL Express Insurance 5.000 €,True,5000.00,1000,131.90,132.90,
LV,Latvia,DHL Express Insurance 5.000 €,True,5000.00,2000,160.60,161.60,
LV,Latvia,DHL Express Insurance 5.000 €,True,5000.00,5000,127.20,128.20,
LV,Latvia,SHIPPING COST ESTIMATION for Courier Parcel with Full Insurance,True,5000.00,20000,149.00,150.00,
LV,Latvia,SHIPPING COST ESTIMATION for Courier Parcel with Full Insurance,True,10000.00,20000,249.00,250.00,
LV,Latvia,SHIPPING COST ESTIMATION for Courier Parcel with Full Insurance,True,20000.00,20000,449.00,450.00,
LV,Latvia,SHIPPING COST ESTIMATION for Courier Parcel with Full Insurance,True,50000.00,20000,1049.00,1050.00,
LV,Latvia,SHIPPING COST ESTIMATION for Courier Parcel with Full Insurance,True,100000.00,20000,2049.00,2050.00,
LV,Latvia,SHIPPING COST ESTIMATION for Courier Parcel with Full Insurance,True,200000.00,20000,4049.00,4050.00,
LV,Latvia,SHIPPING COST ESTIMATION for Courier Parcel with Full Insurance,True,500000.00,20000,10049.00,10050.00,
LV,Latvia,SHIPPING COST ESTIMATION for Courier Parcel with Full Insurance,True,1000000.00,20000,20049.00,20050.00,
LV,Latvia,Virtual Delivery,True,10000.00,0,0.00,0.00,
MT,Malta,Letter (Standardbrief),False,25.00,20,1.25,1.55,
MT,Malta,Small Parcel (Päckchen XS),False,25.00,2000,6.99,7.99,
MT,Malta,Small Parcel (Päckchen M),False,25.00,2000,10.49,11.49,
MT,Malta,DHL Express,True,500.00,500,62.20,63.20,
MT,Malta,DHL Express,True,500.00,1000,71.00,72.00,
MT,Malta,Registered Parcel (DHL Paket Online),True,500.00,2000,14.49,15.49,
MT,Malta,DHL Express,True,500.00,2000,81.90,82.90,
MT,Malta,Registered Parcel (DHL Paket Online),True,500.00,5000,17.49,18.49,
MT,Malta,DHL Express,True,500.00,5000,110.60,111.60,
MT,Malta,Registered Parcel (DHL Paket Online),True,500.00,10000,22.49,23.49,
MT,Malta,Registered Parcel (DHL Paket Online),True,500.00,20000,28.49,29.49,
MT,Malta,Registered Parcel (DHL Paket Online),True,500.00,30000,45.49,46.49,
MT,Malta,Insured Parcel (DHL Wertpaket 1.000€),True,1000.00,5000,31.49,32.49,
MT,Malta,Insured Parcel (DHL Wertpaket 1.000€),True,1000.00,10000,36.49,37.49,
MT,Malta,Insured Parcel (DHL Wertpaket 1.000€),True,1000.00,20000,42.49,43.49,
MT,Malta,Insured Parcel (DHL Wertpaket 1.000€),True,1000.00,30000,59.49,60.49,
MT,Malta,DHL Express Insurance 1.500 €,True,1500.00,500,77.20,78.20,
MT,Malta,DHL Express Insurance 1.500 €,True,1500.00,1000,86.00,87.00,
MT,Malta,DHL Express Insurance 1.500 €,True,1500.00,2000,96.90,97.90,
MT,Malta,DHL Express Insurance 1.500 €,True,1500.00,5000,125.60,126.60,
MT,Malta,Insured Parcel (DHL Wertpaket 2.000€),True,2000.00,5000,45.49,46.49,
MT,Malta,Insured Parcel (DHL Wertpaket 2.000€),True,2000.00,10000,50.49,51.49,
MT,Malta,Insured Parcel (DHL Wertpaket 2.000€),True,2000.00,20000,56.49,57.49,
MT,Malta,Insured Parcel (DHL Wertpaket 2.000€),True,2000.00,30000,73.49,74.49,
MT,Malta,DHL Express Insurance 2.500 €,True,2500.00,500,87.20,88.20,
MT,Malta,DHL Express Insurance 2.500 €,True,2500.00,1000,96.00,97.00,
MT,Malta,DHL Express Insurance 2.500 €,True,2500.00,2000,106.90,107.90,
MT,Malta,DHL Express Insurance 2.500 €,True,2500.00,5000,135.60,136.60,
MT,Malta,SHIPPING COST ESTIMATION for Courier Parcel with Full Insurance,True,2500.00,20000,99.00,100.00,
MT,Malta,DHL Express Insurance 5.000 €,True,5000.00,500,121.00,122.00,
MT,Malta,DHL Express Insurance 5.000 €,True,5000.00,1000,131.90,132.90,
MT,Malta,DHL Express Insurance 5.000 €,True,5000.00,2000,160.60,161.60,
MT,Malta,DHL Express Insurance 5.000 €,True,5000.00,5000,127.20,128.20,
MT,Malta,SHIPPING COST ESTIMATION for Courier Parcel with Full Insurance,True,5000.00,20000,149.00,150.00,
MT,Malta,SHIPPING COST ESTIMATION for Courier Parcel with Full Insurance,True,10000.00,20000,249.00,250.00,
MT,Malta,SHIPPING COST ESTIMATION for Courier Parcel with Full Insurance,True,20000.00,20000,449.00,450.00,
MT,Malta,SHIPPING COST ESTIMATION for Courier Parcel with Full Insurance,True,50000.00,20000,1049.00,1050.00,
MT,Malta,SHIPPING COST ESTIMATION for Courier Parcel with Full Insurance,True,100000.00,20000,2049.00,2050.00,
MT,Malta,SHIPPING COST ESTIMATION for Courier Parcel with Full Insurance,True,200000.00,20000,4049.00,4050.00,
MT,Malta,SHIPPING COST ESTIMATION for Courier Parcel with Full Insurance,True,500000.00,20000,10049.00,10050.00,
MT,Malta,SHIPPING COST ESTIMATION for Courier Parcel with Full Insurance,True,1000000.00,20000,20049.00,20050.00,
MT,Malta,Virtual Delivery,True,10000.00,0,0.00,0.00,
NL,Netherlands,Letter (Standardbrief),False,25.00,20,1.25,1.55,
NL,Netherlands,Small Parcel (Päckchen XS),False,25.00,2000,6.99,7.99,
NL,Netherlands,Small Parcel (Päckchen M),False,25.00,2000,10.49,11.49,
NL,Netherlands,DHL Express,True,500.00,500,52.00,53.00,
NL,Netherlands,DHL Express,True,500.00,1000,57.50,58.50,
NL,Netherlands,Registered Parcel (DHL Paket Online),True,500.00,2000,14.49,15.49,
NL,Netherlands,DHL Express,True,500.00,2000,64.00,65.00,
NL,Netherlands,Registered Parcel (DHL Paket Online),True,500.00,5000,17.49,18.49,
NL,Netherlands,DHL Express,True,500.00,5000,74.10,75.10,
NL,Netherlands,Registered Parcel (DHL Paket Online),True,500.00,10000,22.49,23.49,
NL,Netherlands,Registered Parcel (DHL Paket Online),True,500.00,20000,28.49,29.49,
NL,Netherlands,Registered Parcel (DHL Paket Online),True,500.00,30000,45.49,46.49,
NL,Netherlands,Insured Parcel (DHL Wertpaket 1.000€),True,1000.00,5000,31.49,32.49,
NL,Netherlands,Insured Parcel (DHL Wertpaket 1.000€),True,1000.00,10000,36.49,37.49,
NL,Netherlands,Insured Parcel (DHL Wertpaket 1.000€),True,1000.00,20000,42.49,43.49,
NL,Netherlands,Insured Parcel (DHL Wertpaket 1.000€),True,1000.00,30000,59.49,60.49,
NL,Netherlands,DHL Express Insurance 1.500 €,True,1500.00,500,67.00,68.00,
NL,Netherlands,DHL Express Insurance 1.500 €,True,1500.00,1000,72.50,73.50,
NL,Netherlands,DHL Express Insurance 1.500 €,True,1500.00,2000,79.00,80.00,
NL,Netherlands,DHL Express Insurance 1.500 €,True,1500.00,5000,89.10,90.10,
NL,Netherlands,Insured Parcel (DHL Wertpaket 2.000€),True,2000.00,5000,45.49,46.49,
NL,Netherlands,Insured Parcel (DHL Wertpaket 2.000€),True,2000.00,10000,50.49,51.49,
NL,Netherlands,Insured Parcel (DHL Wertpaket 2.000€),True,2000.00,20000,56.49,57.49,
NL,Netherlands,Insured Parcel (DHL Wertpaket 2.000€),True,2000.00,30000,73.49,74.49,
NL,Netherlands,DHL Express Insurance 2.500 €,True,2500.00,500,77.00,78.00,
NL,Netherlands,DHL Express Insurance 2.500 €,True,2500.00,1000,82.50,83.50,
NL,Netherlands,DHL Express Insurance 2.500 €,True,2500.00,2000,89.00,90.00,
NL,Netherlands,DHL Express Insurance 2.500 €,True,2500.00,5000,99.10,100.10,
NL,Netherlands,SHIPPING COST ESTIMATION for Courier Parcel with Full Insurance,True,2500.00,20000,99.00,100.00,
NL,Netherlands,DHL Express Insurance 5.000 €,True,5000.00,500,107.50,108.50,
NL,Netherlands,DHL Express Insurance 5.000 €,True,5000.00,1000,114.00,115.00,
NL,Netherlands,DHL Express Insurance 5.000 €,True,5000.00,2000,124.10,125.10,
NL,Netherlands,DHL Express Insurance 5.000 €,True,5000.00,5000,117.00,118.00,
NL,Netherlands,SHIPPING COST ESTIMATION for Courier Parcel with Full Insurance,True,5000.00,20000,149.00,150.00,
NL,Netherlands,SHIPPING COST ESTIMATION for Courier Parcel with Full Insurance,True,10000.00,20000,249.00,250.00,
NL,Netherlands,SHIPPING COST ESTIMATION for Courier Parcel with Full Insurance,True,20000.00,20000,449.00,450.00,
NL,Netherlands,SHIPPING COST ESTIMATION for Courier Parcel with Full Insurance,True,50000.00,20000,1049.00,1050.00,
NL,Netherlands,SHIPPING COST ESTIMATION for Courier Parcel with Full Insurance,True,100000.00,20000,2049.00,2050.00,
NL,Netherlands,SHIPPING COST ESTIMATION for Courier Parcel with Full Insurance,True,200000.00,20000,4049.00,4050.00,
NL,Netherlands,SHIPPING COST ESTIMATION for Courier Parcel with Full Insurance,True,500000.00,20000,10049.00,10050.00,
NL,Netherlands,SHIPPING COST ESTIMATION for Courier Parcel with Full Insurance,True,1000000.00,20000,20049.00,20050.00,
NL,Netherlands,Virtual Delivery,True,10000.00,0,0.00,0.00,
NO,Norway,Letter (Standardbrief),False,25.00,20,1.25,1.55,
NO,Norway,Parcel (DHL Päckchen M Online),False,25.00,2000,18.49,19.49,
NO,Norway,Registered Parcel (DHL Paket Welt Online),True,500.00,5000,29.99,30.99,
NO,Norway,Registered Parcel (DHL Paket Welt Online),True,500.00,10000,37.99,38.99,
NO,Norway,Registered Parcel (DHL Paket Welt Online),True,500.00,20000,52.99,53.99,
NO,Norway,Registered Parcel (DHL Paket Welt Online),True,500.00,30000,67.99,68.99,
NO,Norway,Insured Parcel (DHL Wertpaket 1.000€),True,1000.00,5000,43.99,44.99,
NO,Norway,Insured Parcel (DHL Wertpaket 1.000€),True,1000.00,10000,51.99,52.99,
NO,Norway,Insured Parcel (DHL Wertpaket 1.000€),True,1000.00,20000,66.99,67.99,
NO,Norway,Insured Parcel (DHL Wertpaket 1.000€),True,1000.00,30000,81.99,82.99,
NO,Norway,Insured Parcel (DHL Wertpaket 2.000€),True,2000.00,5000,57.99,58.99,
NO,Norway,Insured Parcel (DHL Wertpaket 2.000€),True,2000.00,10000,65.99,66.99,
NO,Norway,Insured Parcel (DHL Wertpaket 2.000€),True,2000.00,20000,80.99,81.99,
NO,Norway,Insured Parcel (DHL Wertpaket 2.000€),True,2000.00,30000,95.99,96.99,
NO,Norway,SHIPPING COST ESTIMATION for Courier Parcel with Full Insurance,True,2500.00,20000,99.00,100.00,
NO,Norway,SHIPPING COST ESTIMATION for Courier Parcel with Full Insurance,True,5000.00,20000,149.00,150.00,
NO,Norway,SHIPPING COST ESTIMATION for Courier Parcel with Full Insurance,True,10000.00,20000,249.00,250.00,
NO,Norway,SHIPPING COST ESTIMATION for Courier Parcel with Full Insurance,True,20000.00,20000,449.00,450.00,
NO,Norway,SHIPPING COST ESTIMATION for Courier Parcel with Full Insurance,True,50000.00,20000,1049.00,1050.00,
NO,Norway,SHIPPING COST ESTIMATION for Courier Parcel with Full Insurance,True,100000.00,20000,2049.00,2050.00,
NO,Norway,SHIPPING COST ESTIMATION for Courier Parcel with Full Insurance,True,200000.00,20000,4049.00,4050.00,
NO,Norway,SHIPPING COST ESTIMATION for Courier Parcel with Full Insurance,True,500000.00,20000,10049.00,10050.00,
NO,Norway,SHIPPING COST ESTIMATION for Courier Parcel with Full Insurance,True,1000000.00,20000,20049.00,20050.00,
NO,Norway,Virtual Delivery,True,10000.00,0,0.00,0.00,
PL,Poland,Letter (Standardbrief),False,25.00,20,1.25,1.55,
PL,Poland,Small Parcel (Päckchen XS),False,25.00,2000,6.99,7.99,
PL,Poland,Small Parcel (Päckchen M),False,25.00,2000,10.49,11.49,
PL,Poland,DHL Express,True,500.00,500,60.80,61.80,
PL,Poland,DHL Express,True,500.00,1000,68.60,69.60,
PL,Poland,Registered Parcel (DHL Paket Online),True,500.00,2000,14.49,15.49,
PL,Poland,DHL Express,True,500.00,2000,77.10,78.10,
PL,Poland,Registered Parcel (DHL Paket Online),True,500.00,5000,17.49,18.49,
PL,Poland,DHL Express,True,500.00,5000,96.90,97.90,
PL,Poland,Registered Parcel (DHL Paket Online),True,500.00,10000,22.49,23.49,
PL,Poland,Registered Parcel (DHL Paket Online),True,500.00,20000,28.49,29.49,
PL,Poland,Registered Parcel (DHL Paket Online),True,500.00,30000,45.49,46.49,
PL,Poland,Insured Parcel (DHL Wertpaket 1.000€),True,1000.00,5000,31.49,32.49,
PL,Poland,Insured Parcel (DHL Wertpaket 1.000€),True,1000.00,10000,36.49,37.49,
PL,Poland,Insured Parcel (DHL Wertpaket 1.000€),True,1000.00,20000,42.49,43.49,
PL,Poland,Insured Parcel (DHL Wertpaket 1.000€),True,1000.00,30000,59.49,60.49,
PL,Poland,DHL Express Insurance 1.500 €,True,1500.00,500,75.80,76.80,
PL,Poland,DHL Express Insurance 1.500 €,True,1500.00,1000,83.60,84.60,
PL,Poland,DHL Express Insurance 1.500 €,True,1500.00,2000,92.10,93.10,
PL,Poland,DHL Express Insurance 1.500 €,True,1500.00,5000,111.90,112.90,
PL,Poland,Insured Parcel (DHL Wertpaket 2.000€),True,2000.00,5000,45.49,46.49,
PL,Poland,Insured Parcel (DHL Wertpaket 2.000€),True,2000.00,10000,50.49,51.49,
PL,Poland,Insured Parcel (DHL Wertpaket 2.000€),True,2000.00,20000,56.49,57.49,
PL,Poland,Insured Parcel (DHL Wertpaket 2.000€),True,2000.00,30000,73.49,74.49,
PL,Poland,DHL Express Insurance 2.500 €,True,2500.00,500,85.80,86.80,
PL,Poland,DHL Express Insurance 2.500 €,True,2500.00,1000,93.60,94.60,
PL,Poland,DHL Express Insurance 2.500 €,True,2500.00,2000,102.10,103.10,
PL,Poland,DHL Express Insurance 2.500 €,True,2500.00,5000,121.90,122.90,
PL,Poland,SHIPPING COST ESTIMATION for Courier Parcel with Full Insurance,True,2500.00,20000,99.00,100.00,
PL,Poland,DHL Express Insurance 5.000 €,True,5000.00,500,118.60,119.60,
PL,Poland,DHL Express Insurance 5.000 €,True,5000.00,1000,127.10,128.10,
PL,Poland,DHL Express Insurance 5.000 €,True,5000.00,2000,146.90,147.90,
PL,Poland,DHL Express Insurance 5.000 €,True,5000.00,5000,125.80,126.80,
PL,Poland,SHIPPING COST ESTIMATION for Courier Parcel with Full Insurance,True,5000.00,20000,149.00,150.00,
PL,Poland,SHIPPING COST ESTIMATION for Courier Parcel with Full Insurance,True,10000.00,20000,249.00,250.00,
PL,Poland,SHIPPING COST ESTIMATION for Courier Parcel with Full Insurance,True,20000.00,20000,449.00,450.00,
PL,Poland,SHIPPING COST ESTIMATION for Courier Parcel with Full Insurance,True,50000.00,20000,1049.00,1050.00,
PL,Poland,SHIPPING COST ESTIMATION for Courier Parcel with Full Insurance,True,100000.00,20000,2049.00,2050.00,
PL,Poland,SHIPPING COST ESTIMATION for Courier Parcel with Full Insurance,True,200000.00,20000,4049.00,4050.00,
PL,Poland,SHIPPING COST ESTIMATION for Courier Parcel with Full Insurance,True,500000.00,20000,10049.00,10050.00,
PL,Poland,SHIPPING COST ESTIMATION for Courier Parcel with Full Insurance,True,1000000.00,20000,20049.00,20050.00,
PL,Poland,Virtual Delivery,True,10000.00,0,0.00,0.00,
PT,Portugal,Letter (Standardbrief),False,25.00,20,1.25,1.55,
PT,Portugal,Small Parcel (Päckchen XS),False,25.00,2000,6.99,7.99,
PT,Portugal,Small Parcel (Päckchen M),False,25.00,2000,10.49,11.49,
PT,Portugal,DHL Express,True,500.00,500,62.20,63.20,
PT,Portugal,DHL Express,True,500.00,1000,71.00,72.00,
PT,Portugal,Registered Parcel (DHL Paket Online),True,500.00,2000,14.49,15.49,
PT,Portugal,DHL Express,True,500.00,2000,81.90,82.90,
PT,Portugal,Registered Parcel (DHL Paket Online),True,500.00,5000,17.49,18.49,
PT,Portugal,DHL Express,True,500.00,5000,110.60,111.60,
PT,Portugal,Registered Parcel (DHL Paket Online),True,500.00,10000,22.49,23.49,
PT,Portugal,Registered Parcel (DHL Paket Online),True,500.00,20000,28.49,29.49,
PT,Portugal,Registered Parcel (DHL Paket Online),True,500.00,30000,45.49,46.49,
PT,Portugal,Insured Parcel (DHL Wertpaket 1.000€),True,1000.00,5000,31.49,32.49,
PT,Portugal,Insured Parcel (DHL Wertpaket 1.000€),True,1000.00,10000,36.49,37.49,
PT,Portugal,Insured Parcel (DHL Wertpaket 1.000€),True,1000.00,20000,42.49,43.49,
PT,Portugal,Insured Parcel (DHL Wertpaket 1.000€),True,1000.00,30000,59.49,60.49,
PT,Portugal,DHL Express Insurance 1.500 €,True,1500.00,500,77.20,78.20,
PT,Portugal,DHL Express Insurance 1.500 €,True,1500.00,1000,86.00,87.00,
PT,Portugal,DHL Express Insurance 1.500 €,True,1500.00,2000,96.90,97.90,
PT,Portugal,DHL Express Insurance 1.500 €,True,1500.00,5000,125.60,126.60,
PT,Portugal,Insured Parcel (DHL Wertpaket 2.000€),True,2000.00,5000,45.49,46.49,
PT,Portugal,Insured Parcel (DHL Wertpaket 2.000€),True,2000.00,10000,50.49,51.49,
PT,Portugal,Insured Parcel (DHL Wertpaket 2.000€),True,2000.00,20000,56.49,57.49,
PT,Portugal,Insured Parcel (DHL Wertpaket 2.000€),True,2000.00,30000,73.49,74.49,
PT,Portugal,DHL Express Insurance 2.500 €,True,2500.00,500,87.20,88.20,
PT,Portugal,DHL Express Insurance 2.500 €,True,2500.00,1000,96.00,97.00,
PT,Portugal,DHL Express Insurance 2.500 €,True,2500.00,2000,106.90,107.90,
PT,Portugal,DHL Express Insurance 2.500 €,True,2500.00,5000,135.60,136.60,
PT,Portugal,SHIPPING COST ESTIMATION for Courier Parcel with Full Insurance,True,2500.00,20000,99.00,100.00,
PT,Portugal,DHL Express Insurance 5.000 €,True,5000.00,500,121.00,122.00,
PT,Portugal,DHL Express Insurance 5.000 €,True,5000.00,1000,131.90,132.90,
PT,Portugal,DHL Express Insurance 5.000 €,True,5000.00,2000,160.60,161.60,
PT,Portugal,DHL Express Insurance 5.000 €,True,5000.00,5000,127.20,128.20,
PT,Portugal,SHIPPING COST ESTIMATION for Courier Parcel with Full Insurance,True,5000.00,20000,149.00,150.00,
PT,Portugal,SHIPPING COST ESTIMATION for Courier Parcel with Full Insurance,True,10000.00,20000,249.00,250.00,
PT,Portugal,SHIPPING COST ESTIMATION for Courier Parcel with Full Insurance,True,20000.00,20000,449.00,450.00,
PT,Portugal,SHIPPING COST ESTIMATION for Courier Parcel with Full Insurance,True,50000.00,20000,1049.00,1050.00,
PT,Portugal,SHIPPING COST ESTIMATION for Courier Parcel with Full Insurance,True,100000.00,20000,2049.00,2050.00,
PT,Portugal,SHIPPING COST ESTIMATION for Courier Parcel with Full Insurance,True,200000.00,20000,4049.00,4050.00,
PT,Portugal,SHIPPING COST ESTIMATION for Courier Parcel with Full Insurance,True,500000.00,20000,10049.00,10050.00,
PT,Portugal,SHIPPING COST ESTIMATION for Courier Parcel with Full Insurance,True,1000000.00,20000,20049.00,20050.00,
PT,Portugal,Virtual Delivery,True,10000.00,0,0.00,0.00,
RO,Romania,Letter (Standardbrief),False,25.00,20,1.25,1.55,
RO,Romania,Small Parcel (Päckchen XS),False,25.00,2000,6.99,7.99,
RO,Romania,Small Parcel (Päckchen M),False,25.00,2000,10.49,11.49,
RO,Romania,DHL Express,True,500.00,500,62.20,63.20,
RO,Romania,DHL Express,True,500.00,1000,71.00,72.00,
RO,Romania,Registered Parcel (DHL Paket Online),True,500.00,2000,14.49,15.49,
RO,Romania,DHL Express,True,500.00,2000,81.90,82.90,
RO,Romania,Registered Parcel (DHL Paket Online),True,500.00,5000,17.49,18.49,
RO,Romania,DHL Express,True,500.00,5000,110.60,111.60,
RO,Romania,Registered Parcel (DHL Paket Online),True,500.00,10000,22.49,23.49,
RO,Romania,Registered Parcel (DHL Paket Online),True,500.00,20000,28.49,29.49,
RO,Romania,Registered Parcel (DHL Paket Online),True,500.00,30000,45.49,46.49,
RO,Romania,Insured Parcel (DHL Wertpaket 1.000€),True,1000.00,5000,31.49,32.49,
RO,Romania,Insured Parcel (DHL Wertpaket 1.000€),True,1000.00,10000,36.49,37.49,
RO,Romania,Insured Parcel (DHL Wertpaket 1.000€),True,1000.00,20000,42.49,43.49,
RO,Romania,Insured Parcel (DHL Wertpaket 1.000€),True,1000.00,30000,59.49,60.49,
RO,Romania,DHL Express Insurance 1.500 €,True,1500.00,500,77.20,78.20,
RO,Romania,DHL Express Insurance 1.500 €,True,1500.00,1000,86.00,87.00,
RO,Romania,DHL Express Insurance 1.500 €,True,1500.00,2000,96.90,97.90,
RO,Romania,DHL Express Insurance 1.500 €,True,1500.00,5000,125.60,126.60,
RO,Romania,Insured Parcel (DHL Wertpaket 2.000€),True,2000.00,5000,45.49,46.49,
RO,Romania,Insured Parcel (DHL Wertpaket 2.000€),True,2000.00,10000,50.49,51.49,
RO,Romania,Insured Parcel (DHL Wertpaket 2.000€),True,2000.00,20000,56.49,57.49,
RO,Romania,Insured Parcel (DHL Wertpaket 2.000€),True,2000.00,30000,73.49,74.49,
RO,Romania,DHL Express Insurance 2.500 €,True,2500.00,500,87.20,88.20,
RO,Romania,DHL Express Insurance 2.500 €,True,2500.00,1000,96.00,97.00,
RO,Romania,DHL Express Insurance 2.500 €,True,2500.00,2000,106.90,107.90,
RO,Romania,DHL Express Insurance 2.500 €,True,2500.00,5000,135.60,136.60,
RO,Romania,SHIPPING COST ESTIMATION for Courier Parcel with Full Insurance,True,2500.00,20000,99.00,100.00,
RO,Romania,DHL Express Insurance 5.000 €,True,5000.00,500,121.00,122.00,
RO,Romania,DHL Express Insurance 5.000 €,True,5000.00,1000,131.90,132.90,
RO,Romania,DHL Express Insurance 5.000 €,True,5000.00,2000,160.60,161.60,
RO,Romania,DHL Express Insurance 5.000 €,True,5000.00,5000,127.20,128.20,
RO,Romania,SHIPPING COST ESTIMATION for Courier Parcel with Full Insurance,True,5000.00,20000,149.00,150.00,
RO,Romania,SHIPPING COST ESTIMATION for Courier Parcel with Full Insurance,True,10000.00,20000,249.00,250.00,
RO,Romania,SHIPPING COST ESTIMATION for Courier Parcel with Full Insurance,True,20000.00,20000,449.00,450.00,
RO,Romania,SHIPPING COST ESTIMATION for Courier Parcel with Full Insurance,True,50000.00,20000,1049.00,1050.00,
RO,Romania,SHIPPING COST ESTIMATION for Courier Parcel with Full Insurance,True,100000.00,20000,2049.00,2050.00,
RO,Romania,SHIPPING COST ESTIMATION for Courier Parcel with Full Insurance,True,200000.00,20000,4049.00,4050.00,
RO,Romania,SHIPPING COST ESTIMATION for Courier Parcel with Full Insurance,True,500000.00,20000,10049.00,10050.00,
RO,Romania,SHIPPING COST ESTIMATION for Courier Parcel with Full Insurance,True,1000000.00,20000,20049.00,20050.00,
RO,Romania,Virtual Delivery,True,10000.00,0,0.00,0.00,
SE,Sweden,Letter (Standardbrief),False,25.00,20,1.25,1.55,
SE,Sweden,Small Parcel (Päckchen XS),False,25.00,2000,6.99,7.99,
SE,Sweden,Small Parcel (Päckchen M),False,25.00,2000,10.49,11.49,
SE,Sweden,DHL Express,True,500.00,500,62.20,63.20,
SE,Sweden,DHL Express,True,500.00,1000,71.00,72.00,
SE,Sweden,Registered Parcel (DHL Paket Online),True,500.00,2000,14.49,15.49,
SE,Sweden,DHL Express,True,500.00,2000,81.90,82.90,
SE,Sweden,Registered Parcel (DHL Paket Online),True,500.00,5000,17.49,18.49,
SE,Sweden,DHL Express,True,500.00,5000,110.60,111.60,
SE,Sweden,Registered Parcel (DHL Paket Online),True,500.00,10000,22.49,23.49,
SE,Sweden,Registered Parcel (DHL Paket Online),True,500.00,20000,28.49,29.49,
SE,Sweden,Registered Parcel (DHL Paket Online),True,500.00,30000,45.49,46.49,
SE,Sweden,Insured Parcel (DHL Wertpaket 1.000€),True,1000.00,5000,31.49,32.49,
SE,Sweden,Insured Parcel (DHL Wertpaket 1.000€),True,1000.00,10000,36.49,37.49,
SE,Sweden,Insured Parcel (DHL Wertpaket 1.000€),True,1000.00,20000,42.49,43.49,
SE,Sweden,Insured Parcel (DHL Wertpaket 1.000€),True,1000.00,30000,59.49,60.49,
SE,Sweden,DHL Express Insurance 1.500 €,True,1500.00,500,77.20,78.20,
SE,Sweden,DHL Express Insurance 1.500 €,True,1500.00,1000,86.00,87.00,
SE,Sweden,DHL Express Insurance 1.500 €,True,1500.00,2000,96.90,97.90,
SE,Sweden,DHL Express Insurance 1.500 €,True,1500.00,5000,125.60,126.60,
SE,Sweden,Insured Parcel (DHL Wertpaket 2.000€),True,2000.00,5000,45.49,46.49,
SE,Sweden,Insured Parcel (DHL Wertpaket 2.000€),True,2000.00,10000,50.49,51.49,
SE,Sweden,Insured Parcel (DHL Wertpaket 2.000€),True,2000.00,20000,56.49,57.49,
SE,Sweden,Insured Parcel (DHL Wertpaket 2.000€),True,2000.00,30000,73.49,74.49,
SE,Sweden,DHL Express Insurance 2.500 €,True,2500.00,500,87.20,88.20,
SE,Sweden,DHL Express Insurance 2.500 €,True,2500.00,1000,96.00,97.00,
SE,Sweden,DHL Express Insurance 2.500 €,True,2500.00,2000,106.90,107.90,
SE,Sweden,DHL Express Insurance 2.500 €,True,2500.00,5000,135.60,136.60,
SE,Sweden,SHIPPING COST ESTIMATION for Courier Parcel with Full Insurance,True,2500.00,20000,99.00,100.00,
SE,Sweden,DHL Express Insurance 5.000 €,True,5000.00,500,121.00,122.00,
SE,Sweden,DHL Express Insurance 5.000 €,True,5000.00,1000,131.90,132.90,
SE,Sweden,DHL Express Insurance 5.000 €,True,5000.00,2000,160.60,161.60,
SE,Sweden,DHL Express Insurance 5.000 €,True,5000.00,5000,127.20,128.20,
SE,Sweden,SHIPPING COST ESTIMATION for Courier Parcel with Full Insurance,True,5000.00,20000,149.00,150.00,
SE,Sweden,SHIPPING COST ESTIMATION for Courier Parcel with Full Insurance,True,10000.00,20000,249.00,250.00,
SE,Sweden,SHIPPING COST ESTIMATION for Courier Parcel with Full Insurance,True,20000.00,20000,449.00,450.00,
SE,Sweden,SHIPPING COST ESTIMATION for Courier Parcel with Full Insurance,True,50000.00,20000,1049.00,1050.00,
SE,Sweden,SHIPPING COST ESTIMATION for Courier Parcel with Full Insurance,True,100000.00,20000,2049.00,2050.00,
SE,Sweden,SHIPPING COST ESTIMATION for Courier Parcel with Full Insurance,True,200000.00,20000,4049.00,4050.00,
SE,Sweden,SHIPPING COST ESTIMATION for Courier Parcel with Full Insurance,True,500000.00,20000,10049.00,10050.00,
SE,Sweden,SHIPPING COST ESTIMATION for Courier Parcel with Full Insurance,True,1000000.00,20000,20049.00,20050.00,
SE,Sweden,Virtual Delivery,True,10000.00,0,0.00,0.00,
SG,Singapore,Virtual Delivery,True,10000.00,0,0.00,0.00,
SI,Slovenia,Letter (Standardbrief),False,25.00,20,1.25,1.55,
SI,Slovenia,Small Parcel (Päckchen XS),False,25.00,2000,6.99,7.99,
SI,Slovenia,Small Parcel (Päckchen M),False,25.00,2000,10.49,11.49,
SI,Slovenia,DHL Express,True,500.00,500,62.20,63.20,
SI,Slovenia,DHL Express,True,500.00,1000,71.00,72.00,
SI,Slovenia,Registered Parcel (DHL Paket Online),True,500.00,2000,14.49,15.49,
SI,Slovenia,DHL Express,True,500.00,2000,81.90,82.90,
SI,Slovenia,Registered Parcel (DHL Paket Online),True,500.00,5000,17.49,18.49,
SI,Slovenia,DHL Express,True,500.00,5000,110.60,111.60,
SI,Slovenia,Registered Parcel (DHL Paket Online),True,500.00,10000,22.49,23.49,
SI,Slovenia,Registered Parcel (DHL Paket Online),True,500.00,20000,28.49,29.49,
SI,Slovenia,Registered Parcel (DHL Paket Online),True,500.00,30000,45.49,46.49,
SI,Slovenia,Insured Parcel (DHL Wertpaket 1.000€),True,1000.00,5000,31.49,32.49,
SI,Slovenia,Insured Parcel (DHL Wertpaket 1.000€),True,1000.00,10000,36.49,37.49,
SI,Slovenia,Insured Parcel (DHL Wertpaket 1.000€),True,1000.00,20000,42.49,43.49,
SI,Slovenia,Insured Parcel (DHL Wertpaket 1.000€),True,1000.00,30000,59.49,60.49,
SI,Slovenia,DHL Express Insurance 1.500 €,True,1500.00,500,77.20,78.20,
SI,Slovenia,DHL Express Insurance 1.500 €,True,1500.00,1000,86.00,87.00,
SI,Slovenia,DHL Express Insurance 1.500 €,True,1500.00,2000,96.90,97.90,
SI,Slovenia,DHL Express Insurance 1.500 €,True,1500.00,5000,125.60,126.60,
SI,Slovenia,Insured Parcel (DHL Wertpaket 2.000€),True,2000.00,5000,45.49,46.49,
SI,Slovenia,Insured Parcel (DHL Wertpaket 2.000€),True,2000.00,10000,50.49,51.49,
SI,Slovenia,Insured Parcel (DHL Wertpaket 2.000€),True,2000.00,20000,56.49,57.49,
SI,Slovenia,Insured Parcel (DHL Wertpaket 2.000€),True,2000.00,30000,73.49,74.49,
SI,Slovenia,DHL Express Insurance 2.500 €,True,2500.00,500,87.20,88.20,
SI,Slovenia,DHL Express Insurance 2.500 €,True,2500.00,1000,96.00,97.00,
SI,Slovenia,DHL Express Insurance 2.500 €,True,2500.00,2000,106.90,107.90,
SI,Slovenia,DHL Express Insurance 2.500 €,True,2500.00,5000,135.60,136.60,
SI,Slovenia,SHIPPING COST ESTIMATION for Courier Parcel with Full Insurance,True,2500.00,20000,99.00,100.00,
SI,Slovenia,DHL Express Insurance 5.000 €,True,5000.00,500,121.00,122.00,
SI,Slovenia,DHL Express Insurance 5.000 €,True,5000.00,1000,131.90,132.90,
SI,Slovenia,DHL Express Insurance 5.000 €,True,5000.00,2000,160.60,161.60,
SI,Slovenia,DHL Express Insurance 5.000 €,True,5000.00,5000,127.20,128.20,
SI,Slovenia,SHIPPING COST ESTIMATION for Courier Parcel with Full Insurance,True,5000.00,20000,149.00,150.00,
SI,Slovenia,SHIPPING COST ESTIMATION for Courier Parcel with Full Insurance,True,10000.00,20000,249.00,250.00,
SI,Slovenia,SHIPPING COST ESTIMATION for Courier Parcel with Full Insurance,True,20000.00,20000,449.00,450.00,
SI,Slovenia,SHIPPING COST ESTIMATION for Courier Parcel with Full Insurance,True,50000.00,20000,1049.00,1050.00,
SI,Slovenia,SHIPPING COST ESTIMATION for Courier Parcel with Full Insurance,True,100000.00,20000,2049.00,2050.00,
SI,Slovenia,SHIPPING COST ESTIMATION for Courier Parcel with Full Insurance,True,200000.00,20000,4049.00,4050.00,
SI,Slovenia,SHIPPING COST ESTIMATION for Courier Parcel with Full Insurance,True,500000.00,20000,10049.00,10050.00,
SI,Slovenia,SHIPPING COST ESTIMATION for Courier Parcel with Full Insurance,True,1000000.00,20000,20049.00,20050.00,
SI,Slovenia,Virtual Delivery,True,10000.00,0,0.00,0.00,
SK,Slovakia,Letter (Standardbrief),False,25.00,20,1.25,1.55,
SK,Slovakia,Small Parcel (Päckchen XS),False,25.00,2000,6.99,7.99,
SK,Slovakia,Small Parcel (Päckchen M),False,25.00,2000,10.49,11.49,
SK,Slovakia,DHL Express,True,500.00,500,62.20,63.20,
SK,Slovakia,DHL Express,True,500.00,1000,71.00,72.00,
SK,Slovakia,Registered Parcel (DHL Paket Online),True,500.00,2000,14.49,15.49,
SK,Slovakia,DHL Express,True,500.00,2000,81.90,82.90,
SK,Slovakia,Registered Parcel (DHL Paket Online),True,500.00,5000,17.49,18.49,
SK,Slovakia,DHL Express,True,500.00,5000,110.60,111.60,
SK,Slovakia,Registered Parcel (DHL Paket Online),True,500.00,10000,22.49,23.49,
SK,Slovakia,Registered Parcel (DHL Paket Online),True,500.00,20000,28.49,29.49,
SK,Slovakia,Registered Parcel (DHL Paket Online),True,500.00,30000,45.49,46.49,
SK,Slovakia,Insured Parcel (DHL Wertpaket 1.000€),True,1000.00,5000,31.49,32.49,
SK,Slovakia,Insured Parcel (DHL Wertpaket 1.000€),True,1000.00,10000,36.49,37.49,
SK,Slovakia,Insured Parcel (DHL Wertpaket 1.000€),True,1000.00,20000,42.49,43.49,
SK,Slovakia,Insured Parcel (DHL Wertpaket 1.000€),True,1000.00,30000,59.49,60.49,
SK,Slovakia,DHL Express Insurance 1.500 €,True,1500.00,500,77.20,78.20,
SK,Slovakia,DHL Express Insurance 1.500 €,True,1500.00,1000,86.00,87.00,
SK,Slovakia,DHL Express Insurance 1.500 €,True,1500.00,2000,96.90,97.90,
SK,Slovakia,DHL Express Insurance 1.500 €,True,1500.00,5000,125.60,126.60,
SK,Slovakia,Insured Parcel (DHL Wertpaket 2.000€),True,2000.00,5000,45.49,46.49,
SK,Slovakia,Insured Parcel (DHL Wertpaket 2.000€),True,2000.00,10000,50.49,51.49,
SK,Slovakia,Insured Parcel (DHL Wertpaket 2.000€),True,2000.00,20000,56.49,57.49,
SK,Slovakia,Insured Parcel (DHL Wertpaket 2.000€),True,2000.00,30000,73.49,74.49,
SK,Slovakia,DHL Express Insurance 2.500 €,True,2500.00,500,87.20,88.20,
SK,Slovakia,DHL Express Insurance 2.500 €,True,2500.00,1000,96.00,97.00,
SK,Slovakia,DHL Express Insurance 2.500 €,True,2500.00,2000,106.90,107.90,
SK,Slovakia,DHL Express Insurance 2.500 €,True,2500.00,5000,135.60,136.60,
SK,Slovakia,SHIPPING COST ESTIMATION for Courier Parcel with Full Insurance,True,2500.00,20000,99.00,100.00,
SK,Slovakia,DHL Express Insurance 5.000 €,True,5000.00,500,121.00,122.00,
SK,Slovakia,DHL Express Insurance 5.000 €,True,5000.00,1000,131.90,132.90,
SK,Slovakia,DHL Express Insurance 5.000 €,True,5000.00,2000,160.60,161.60,
SK,Slovakia,DHL Express Insurance 5.000 €,True,5000.00,5000,127.20,128.20,
SK,Slovakia,SHIPPING COST ESTIMATION for Courier Parcel with Full Insurance,True,5000.00,20000,149.00,150.00,
SK,Slovakia,SHIPPING COST ESTIMATION for Courier Parcel with Full Insurance,True,10000.00,20000,249.00,250.00,
SK,Slovakia,SHIPPING COST ESTIMATION for Courier Parcel with Full Insurance,True,20000.00,20000,449.00,450.00,
SK,Slovakia,SHIPPING COST ESTIMATION for Courier Parcel with Full Insurance,True,50000.00,20000,1049.00,1050.00,
SK,Slovakia,SHIPPING COST ESTIMATION for Courier Parcel with Full Insurance,True,100000.00,20000,2049.00,2050.00,
SK,Slovakia,SHIPPING COST ESTIMATION for Courier Parcel with Full Insurance,True,200000.00,20000,4049.00,4050.00,
SK,Slovakia,SHIPPING COST ESTIMATION for Courier Parcel with Full Insurance,True,500000.00,20000,10049.00,10050.00,
SK,Slovakia,SHIPPING COST ESTIMATION for Courier Parcel with Full Insurance,True,1000000.00,20000,20049.00,20050.00,
SK,Slovakia,Virtual Delivery,True,10000.00,0,0.00,0.00,
